date,pres,airTemp,RH,solar,windSpd,windDir,Hs,Tp,T1m,T2m,T3m,T4m,T5m,T6m,T7m,T8m,T9m,T10m,T11m,T12m,T13m,T14m,T15m,T16m,T17m,T18m,T19m,T20m,T21m,T22m,T23m,T24m,T25m,T26m,T27m,T28m,T29m,T30m,T32m,T34m,T36m,T38m,T40m,T42m,T44m,T46m,T48m,hVel_2.5m,dir_2.5m,hVel_7.5m,dir_7.5m,hVel_12.5m,dir_12.5m,hVel_17.5m,dir_17.5m,hVel_22.5m,dir_22.5m,hVel_27.5m,dir_27.5m,hVel_32.5m,dir_32.5m,hVel_37.5m,dir_37.5m,hVel_42.5m,dir_42.5m,hVel_47.5m,dir_47.5m
2026-06-01 11:40:00,1020.2,11.7,87,894,2.9,12,0.065,1.6,10.55,10.49,10.35,10.22,10.17,10.17,10.11,10.06,9.86,9.63,9.51,9.2,8.89,8.47,7.83,7.82,7.72,7.63,7.59,7.39,7.31,7.22,7,6.81,6.63,6.47,6.35,6.26,6.08,5.98,5.85,5.54,5.51,5.31,4.86,4.72,4.62,4.59,4.57,0,0,0,0,0,0,0,0,0,0,0,0,0,0,0,0,0,0,0,0
2026-06-01 12:00:00,1020.2,12.1,85,906,3.4,6,0.104,1.8,10.51,10.45,10.28,10.19,10.15,10.15,10.11,10.09,9.92,9.8,9.49,9.29,8.98,8.7,8.27,7.86,7.76,7.69,7.61,7.59,7.43,7.34,7.2,6.94,6.7,6.57,6.45,6.43,6.16,6.08,5.86,5.71,5.51,5.33,4.88,4.79,4.65,4.6,4.6,0,0,0,0,0,0,0,0,0,0,0,0,0,0,0,0,0,0,0,0
2026-06-01 12:20:00,1020.2,12.5,82,917,3.8,360,0.086,1.7,10.59,10.44,10.24,10.1,10.11,10.12,10.11,10.08,10.02,9.91,9.55,9.27,8.99,8.92,7.89,7.87,7.75,7.67,7.6,7.59,7.44,7.37,7.23,6.97,6.73,6.59,6.44,6.24,6.13,6.01,5.74,5.5,5.49,5.34,4.92,4.77,4.64,4.59,4.6,0,0,0,0,0,0,0,0,0,0,0,0,0,0,0,0,0,0,0,0
2026-06-01 12:40:00,1020.2,13,77,924,3.4,2,0.084,1.3,10.64,10.51,10.19,10.11,10.1,10.1,10.03,10.03,9.89,9.53,9.27,9.13,8.95,8.6,7.87,7.87,7.8,7.64,7.6,7.57,7.46,7.39,7.29,7.01,6.78,6.63,6.52,6.39,6.19,6.09,5.77,5.61,5.5,5.36,4.9,4.78,4.66,4.61,4.63,0,0,0,0,0,0,0,0,0,0,0,0,0,0,0,0,0,0,0,0
2026-06-01 13:00:00,1020.2,13.1,77,957,2.8,348,0.096,1.6,10.53,10.42,10.35,10.24,10.08,10.06,10.01,9.98,9.94,9.78,9.27,9.19,9.1,8.99,8.66,7.91,7.86,7.67,7.61,7.59,7.47,7.4,7.26,6.97,6.71,6.5,6.33,6.2,6.01,5.99,5.8,5.54,5.47,5.36,4.89,4.79,4.68,4.61,4.62,0,0,0,0,0,0,0,0,0,0,0,0,0,0,0,0,0,0,0,0
2026-06-01 13:20:00,1020.2,13.1,76,916,2.7,346,0.089,1.5,10.55,10.43,10.28,10.13,10.01,10.02,10,10,9.76,9.42,9.25,9.12,9.07,8.95,8.45,7.92,7.84,7.62,7.6,7.47,7.38,7.12,6.83,6.67,6.48,6.29,6.07,6.02,5.98,5.95,5.73,5.52,5.45,5.35,4.91,4.79,4.69,4.63,4.63,0,0,0,0,0,0,0,0,0,0,0,0,0,0,0,0,0,0,0,0
2026-06-01 13:40:00,1020.3,13.7,69,918,2.7,341,0.076,1.5,10.79,10.57,10.21,10.04,10.04,10.06,10,9.99,9.94,9.61,9.3,9.08,9.01,8.94,7.98,7.93,7.9,7.83,7.6,7.57,7.45,7.32,7.05,6.75,6.68,6.37,6.23,6.04,6.02,6,5.7,5.47,5.44,5.18,4.86,4.8,4.67,4.61,4.63,0,0,0,0,0,0,0,0,0,0,0,0,0,0,0,0,0,0,0,0
2026-06-01 14:00:00,1020.2,14.2,64,899,2.6,351,0.056,1.4,10.81,10.47,10.2,10.06,10.05,10.06,10.02,10.03,9.98,9.55,9.31,8.99,8.93,8.87,7.97,7.95,7.93,7.8,7.6,7.52,7.45,7.31,6.94,6.71,6.6,6.45,6.2,6,5.97,5.99,5.73,5.5,5.41,4.98,4.85,4.81,4.67,4.62,4.63,0,0,0,0,0,0,0,0,0,0,0,0,0,0,0,0,0,0,0,0
2026-06-01 14:20:00,1020.2,14.2,67,873,1.9,347,0.051,1.4,10.73,10.47,10.18,10.08,10.07,10.08,10.03,10.05,10.03,9.7,9.31,9.04,8.85,8.8,7.99,7.98,7.95,7.65,7.6,7.5,7.44,7.25,6.92,6.72,6.68,6.53,6.35,6.04,5.96,5.98,5.71,5.53,5.38,5.02,4.89,4.8,4.68,4.62,4.64,0,0,0,0,0,0,0,0,0,0,0,0,0,0,0,0,0,0,0,0
2026-06-01 14:40:00,1020.2,14.5,63,847,1.8,336,0.056,1.4,10.73,10.49,10.18,10.1,10.08,10.09,10.07,10.09,10.09,10.06,9.65,9.21,8.85,8.75,8.02,8,7.91,7.61,7.6,7.45,7.4,7.17,6.82,6.74,6.71,6.61,6.49,6.33,6,5.96,5.88,5.63,5.53,5.32,4.88,4.85,4.64,4.59,4.61,0,0,0,0,0,0,0,0,0,0,0,0,0,0,0,0,0,0,0,0
2026-06-01 15:00:00,1020.1,14.5,65,828,2.7,344,0.049,1.4,10.66,10.38,10.21,10.16,10.13,10.12,10.1,10.12,10.08,9.66,9.66,9.39,8.97,8.76,8.37,8.03,7.78,7.62,7.6,7.38,7.29,6.89,6.73,6.71,6.61,6.47,6.22,5.94,5.91,5.93,5.67,5.57,5.37,5.03,4.82,4.69,4.61,4.56,4.61,0,0,0,0,0,0,0,0,0,0,0,0,0,0,0,0,0,0,0,0
2026-06-01 15:20:00,1020.1,14.9,58,773,3,353,0.043,1.3,10.8,10.51,10.26,10.18,10.18,10.2,10.17,10.15,10.08,9.74,9.56,9.42,9.13,8.83,8.6,8.04,7.71,7.63,7.6,7.47,7.34,7.01,6.74,6.72,6.59,6.51,6.39,6.1,5.93,5.9,5.68,5.44,5.33,4.9,4.79,4.7,4.61,4.58,4.62,0,0,0,0,0,0,0,0,0,0,0,0,0,0,0,0,0,0,0,0
2026-06-01 15:40:00,1020.2,14.3,70,731,1.7,352,0.052,1.5,11.24,10.93,10.34,10.23,10.2,10.21,10.16,10.17,10.15,9.62,9.46,9.4,8.99,8.76,8.2,7.91,7.68,7.64,7.63,7.46,7.29,6.93,6.74,6.62,6.5,6.35,6.19,5.96,5.86,5.77,5.69,5.49,5.33,4.99,4.69,4.7,4.63,4.61,4.63,0,0,0,0,0,0,0,0,0,0,0,0,0,0,0,0,0,0,0,0
2026-06-01 16:00:00,1020.2,14.9,63,684,1.4,355,0.056,1.5,11.13,10.89,10.36,10.23,10.19,10.2,10.16,10.18,10.16,10.09,9.48,9.34,9.16,8.85,8.34,8.02,7.7,7.66,7.64,7.52,7.34,6.99,6.79,6.67,6.51,6.35,6.23,6.02,5.79,5.73,5.62,5.41,5.32,4.97,4.69,4.7,4.64,4.6,4.63,0,0,0,0,0,0,0,0,0,0,0,0,0,0,0,0,0,0,0,0
2026-06-01 16:20:00,1020.3,15.3,64,637,1.7,16,0.05,1.6,10.91,10.56,10.33,10.25,10.22,10.22,10.19,10.18,10.1,10.02,9.66,9.3,9.17,8.85,8.44,8.03,7.7,7.66,7.62,7.38,7.26,6.87,6.74,6.49,6.39,6.09,5.85,5.71,5.66,5.63,5.44,5.23,5.14,4.7,4.67,4.69,4.64,4.6,4.63,0,0,0,0,0,0,0,0,0,0,0,0,0,0,0,0,0,0,0,0
2026-06-01 16:40:00,1020.2,15,67,588,0.9,12,0.033,1.3,10.88,10.65,10.38,10.27,10.23,10.21,10.12,10.14,10.13,10.04,9.91,9.26,9.18,8.83,8.33,7.75,7.69,7.65,7.6,7.48,7.32,6.97,6.81,6.58,6.47,6.18,5.85,5.74,5.64,5.62,5.44,5.24,5.19,4.72,4.68,4.7,4.64,4.61,4.63,0,0,0,0,0,0,0,0,0,0,0,0,0,0,0,0,0,0,0,0
2026-06-01 17:00:00,1020.3,14.9,72,532,1.4,18,0.033,1.3,10.89,10.69,10.45,10.34,10.22,10.18,10.12,10.12,10.12,10.08,9.83,9.22,9.16,8.9,8.34,7.87,7.71,7.68,7.65,7.49,7.35,7,6.81,6.6,6.43,6.23,5.98,5.69,5.64,5.63,5.47,5.24,5.23,4.79,4.69,4.7,4.64,4.61,4.63,0,0,0,0,0,0,0,0,0,0,0,0,0,0,0,0,0,0,0,0
2026-06-01 17:20:00,1020.2,15.5,61,476,1,16,0.033,2.5,10.97,10.69,10.47,10.33,10.26,10.22,10.17,10.17,10.14,10.08,9.92,9.21,9.17,9.12,8.76,8.02,7.85,7.75,7.69,7.58,7.38,7.02,6.84,6.82,6.58,6.28,6.03,5.71,5.66,5.62,5.5,5.24,5.16,4.96,4.71,4.71,4.65,4.62,4.64,0,0,0,0,0,0,0,0,0,0,0,0,0,0,0,0,0,0,0,0
2026-06-01 17:40:00,1020.1,16.6,51,417,0.7,23,0.027,2.5,10.81,10.63,10.45,10.36,10.28,10.25,10.19,10.19,10.11,9.94,9.94,9.33,9.16,9.16,8.85,8.05,7.83,7.71,7.69,7.56,7.34,6.88,6.8,6.79,6.58,6.36,6.17,6,5.71,5.69,5.57,5.27,5.2,4.88,4.88,4.88,4.66,4.63,4.65,0,0,0,0,0,0,0,0,0,0,0,0,0,0,0,0,0,0,0,0
2026-06-01 18:00:00,1020.1,16.3,69,327,0.8,254,0.021,2.4,10.92,10.6,10.49,10.36,10.27,10.23,10.11,10.08,9.98,9.96,9.97,9.22,9.11,8.93,8.19,7.8,7.78,7.71,7.69,7.46,7.32,6.82,6.68,6.58,6.43,6.15,5.97,5.76,5.64,5.6,5.38,5.11,4.98,4.87,4.76,4.71,4.65,4.62,4.64,0,0,0,0,0,0,0,0,0,0,0,0,0,0,0,0,0,0,0,0
2026-06-01 18:20:00,1020,17.5,49,304,0.6,243,0.021,1.7,11.01,10.53,10.44,10.36,10.32,10.24,10.18,10.17,10.07,10.01,9.99,9.17,9.13,9.06,8.8,8.03,7.78,7.76,7.71,7.68,7.48,7.33,6.87,6.73,6.61,6.47,6.27,6.07,5.92,5.73,5.58,5.29,4.91,4.92,4.81,4.71,4.65,4.62,4.64,0,0,0,0,0,0,0,0,0,0,0,0,0,0,0,0,0,0,0,0
2026-06-01 18:40:00,1020.1,17.2,45,253,0.4,287,0.02,2.5,11.07,10.61,10.45,10.38,10.37,10.31,10.22,10.19,10.13,10.04,10,9.8,9.1,9.08,9.04,8.91,8.1,7.77,7.76,7.72,7.71,7.49,7.11,6.97,6.74,6.58,6.5,6.42,6.25,6.06,5.6,5.29,5.09,4.92,4.77,4.71,4.65,4.62,4.65,0,0,0,0,0,0,0,0,0,0,0,0,0,0,0,0,0,0,0,0
2026-06-01 19:00:00,1020.1,17.7,43,191,1,225,0.02,3.1,11.23,10.65,10.47,10.39,10.36,10.3,10.23,10.18,10.04,9.72,9.18,9.06,9.02,8.98,8.31,7.91,7.79,7.74,7.7,7.46,7.22,6.92,6.7,6.62,6.59,6.45,6.33,6.09,5.93,5.64,5.53,5.06,5.04,4.82,4.74,4.71,4.64,4.61,4.63,0,0,0,0,0,0,0,0,0,0,0,0,0,0,0,0,0,0,0,0
2026-06-01 19:20:00,1020.3,17.9,37,139,0.6,241,0.028,1.6,10.95,10.61,10.43,10.37,10.36,10.29,10.16,10.03,9.73,9.25,9.02,8.95,8.94,8.64,8.01,7.79,7.78,7.7,7.46,7.18,7.07,6.89,6.64,6.63,6.53,6.36,6.14,6.06,5.68,5.62,5.42,5.07,4.97,4.84,4.76,4.73,4.65,4.62,4.64,0,0,0,0,0,0,0,0,0,0,0,0,0,0,0,0,0,0,0,0
2026-06-01 19:40:00,1020.5,17.7,55,97,1.4,193,0.022,1.9,10.9,10.67,10.42,10.35,10.35,10.37,10.26,10.03,9.78,9.49,9.11,8.95,8.87,8.89,8.62,7.92,7.8,7.72,7.66,7.38,7.22,6.97,6.82,6.68,6.66,6.46,6.3,6.1,5.97,5.71,5.57,5.14,4.99,4.87,4.81,4.73,4.65,4.62,4.64,0,0,0,0,0,0,0,0,0,0,0,0,0,0,0,0,0,0,0,0
2026-06-01 20:00:00,1020.6,14.6,77,54,0.9,205,0.021,2,10.91,10.7,10.45,10.36,10.33,10.34,10.31,10.12,9.85,9.52,9.32,8.89,8.85,8.85,8.79,8.02,7.8,7.72,7.67,7.43,7.26,6.97,6.71,6.66,6.6,6.44,6.3,6.12,6.03,5.79,5.53,5.08,4.9,4.8,4.74,4.69,4.64,4.61,4.63,0,0,0,0,0,0,0,0,0,0,0,0,0,0,0,0,0,0,0,0
2026-06-01 20:20:00,1020.7,14.3,76,11,0,0,0.018,2.2,10.87,10.72,10.55,10.34,10.3,10.32,10.29,10.06,9.6,9.43,8.91,8.86,8.83,8.82,8,7.79,7.74,7.62,7.3,7.11,6.85,6.66,6.64,6.53,6.38,6.14,6.03,5.9,5.68,5.61,5.31,4.93,4.87,4.74,4.68,4.69,4.63,4.6,4.63,0,0,0,0,0,0,0,0,0,0,0,0,0,0,0,0,0,0,0,0
2026-06-01 20:40:00,1020.8,14,70,1,0.4,253,0.017,2.2,10.94,10.73,10.5,10.31,10.29,10.31,10.29,10,9.56,9.35,8.88,8.84,8.8,8.49,7.79,7.75,7.68,7.36,7.15,6.88,6.67,6.64,6.47,6.31,6.17,6.02,5.9,5.73,5.62,5.58,5.21,4.83,4.84,4.69,4.67,4.68,4.62,4.6,4.63,0,0,0,0,0,0,0,0,0,0,0,0,0,0,0,0,0,0,0,0
2026-06-01 21:00:00,1021.1,13.6,80,0,0.7,82,0.02,1.5,10.98,10.79,10.6,10.3,10.28,10.29,10.28,10.11,9.62,9.37,8.93,8.81,8.78,8.07,7.76,7.7,7.48,7.26,7.09,6.81,6.68,6.58,6.42,6.24,6.04,5.95,5.8,5.64,5.58,5.56,5.23,4.83,4.84,4.67,4.66,4.68,4.62,4.59,4.62,0,0,0,0,0,0,0,0,0,0,0,0,0,0,0,0,0,0,0,0
2026-06-01 21:20:00,1021.3,13.1,77,0,0.8,11,0.018,1.7,11.01,10.81,10.58,10.32,10.26,10.28,10.25,9.74,9.46,9.1,8.84,8.79,7.94,7.76,7.62,7.35,7.16,6.89,6.68,6.59,6.44,6.29,5.99,5.97,5.82,5.66,5.56,5.58,5.57,5.58,5.46,4.94,4.85,4.67,4.65,4.67,4.61,4.59,4.61,5.4,181,7.5,154,11.3,154,6.6,175,4.1,202,3.9,133,3.2,138,3.5,155,0.8,135,1.2,353
2026-06-01 21:40:00,1021.2,12.8,82,0,1.6,220,0.024,1.5,11,10.79,10.55,10.33,10.26,10.25,10.23,10.15,9.59,9.4,8.85,8.77,8.59,7.78,7.66,7.48,7.28,7.06,6.85,6.68,6.5,6.39,6.29,6.06,5.94,5.87,5.69,5.59,5.56,5.57,5.53,5.43,4.9,4.72,4.65,4.66,4.61,4.59,4.61,0,0,0,0,0,0,0,0,0,0,0,0,0,0,0,0,0,0,0,0
2026-06-01 22:00:00,1021.3,12.8,82,0,3,241,0.016,2.1,11.17,10.9,10.63,10.32,10.25,10.25,10.23,10.21,9.76,9.43,8.97,8.76,8.59,7.77,7.68,7.6,7.37,7.23,7.04,6.83,6.72,6.49,6.36,6.21,6.13,6.01,5.86,5.78,5.66,5.59,5.51,5.42,4.89,4.74,4.65,4.66,4.6,4.59,4.62,0,0,0,0,0,0,0,0,0,0,0,0,0,0,0,0,0,0,0,0
2026-06-01 22:20:00,1021.7,12.7,80,0,2.4,320,0.017,1.7,11.12,10.86,10.64,10.34,10.22,10.25,10.22,10.02,9.71,9.12,8.88,8.71,8.24,7.76,7.64,7.52,7.38,7.25,7.05,6.86,6.77,6.7,6.37,6.32,6.18,5.99,5.9,5.86,5.69,5.58,5.5,5.39,4.98,4.82,4.66,4.67,4.62,4.57,4.61,0,0,0,0,0,0,0,0,0,0,0,0,0,0,0,0,0,0,0,0
2026-06-01 22:40:00,1021.5,13.7,67,0,2.7,241,0.022,1.7,10.99,10.83,10.57,10.29,10.28,10.29,10.22,10.07,9.59,9.04,8.92,8.7,7.99,7.75,7.61,7.5,7.37,7.27,7,6.77,6.73,6.7,6.45,6.37,6.19,6.01,5.86,5.84,5.7,5.58,5.44,5.15,4.9,4.81,4.66,4.68,4.63,4.57,4.61,0,0,0,0,0,0,0,0,0,0,0,0,0,0,0,0,0,0,0,0
2026-06-01 23:00:00,1021.6,12.7,80,0,2.9,252,0.024,1.2,11.53,10.94,10.57,10.35,10.32,10.28,10.19,9.93,9.5,8.98,8.83,8.48,7.74,7.69,7.58,7.45,7.35,7.3,7,6.8,6.74,6.71,6.53,6.4,6.19,6.03,5.93,5.83,5.77,5.66,5.45,5.18,4.99,4.81,4.66,4.68,4.63,4.57,4.6,0,0,0,0,0,0,0,0,0,0,0,0,0,0,0,0,0,0,0,0
2026-06-01 23:20:00,1021.6,12.4,80,0,2.6,250,0.036,1.2,11.48,10.87,10.6,10.39,10.34,10.31,10.18,10.14,9.65,9.03,8.84,8.67,7.75,7.7,7.59,7.54,7.48,7.35,7.26,6.91,6.74,6.71,6.65,6.47,6.41,6.16,6.03,5.94,5.81,5.79,5.62,5.39,5.18,4.86,4.75,4.68,4.63,4.62,4.6,0,0,0,0,0,0,0,0,0,0,0,0,0,0,0,0,0,0,0,0
2026-06-01 23:40:00,1021.8,12.3,79,0,2.7,243,0.028,1.2,11.37,10.83,10.56,10.39,10.37,10.36,10.25,10.16,9.86,9.2,9,8.69,8.17,7.72,7.62,7.55,7.51,7.44,7.32,6.93,6.73,6.72,6.61,6.42,6.36,6.14,5.98,5.83,5.76,5.76,5.58,5.42,5.29,4.86,4.77,4.69,4.64,4.62,4.61,0,0,0,0,0,0,0,0,0,0,0,0,0,0,0,0,0,0,0,0
2026-06-02,1021.8,12.5,76,0,2.5,250,0.023,1.4,11.44,11.1,10.48,10.4,10.38,10.35,10.14,10.15,9.72,9.06,8.84,8.41,7.73,7.67,7.55,7.53,7.5,7.44,7.23,6.85,6.73,6.7,6.64,6.49,6.44,6.16,5.9,5.75,5.72,5.74,5.54,5.38,5.26,4.88,4.77,4.68,4.63,4.62,4.62,0,0,0,0,0,0,0,0,0,0,0,0,0,0,0,0,0,0,0,0
2026-06-02 00:20:00,1021.8,12,79,0,1.7,194,0.031,1.3,11.13,10.75,10.61,10.45,10.43,10.27,10.12,10.14,9.79,9.14,8.94,8.65,7.87,7.7,7.57,7.55,7.53,7.46,7.33,6.89,6.74,6.71,6.64,6.55,6.43,6.05,5.75,5.71,5.58,5.56,5.48,5.27,5.2,4.78,4.76,4.69,4.64,4.61,4.61,0,0,0,0,0,0,0,0,0,0,0,0,0,0,0,0,0,0,0,0
2026-06-02 00:40:00,1021.7,11.8,80,0,1.1,204,0.033,1.2,11.36,10.85,10.65,10.46,10.44,10.33,10.12,10.13,9.93,9.09,8.8,8.57,7.76,7.64,7.55,7.55,7.51,7.24,7.01,6.77,6.74,6.72,6.68,6.69,6.61,6.41,6.14,5.82,5.71,5.52,5.46,5.28,5.31,4.9,4.77,4.75,4.67,4.62,4.62,0,0,0,0,0,0,0,0,0,0,0,0,0,0,0,0,0,0,0,0
2026-06-02 01:00:00,1021.8,11.4,85,0,0.8,157,0.023,1.3,11.35,11.29,10.7,10.5,10.48,10.34,10.13,10.13,9.69,8.92,8.64,7.74,7.59,7.56,7.53,7.45,7.05,6.87,6.8,6.73,6.73,6.71,6.68,6.61,6.47,6.1,5.72,5.66,5.48,5.46,5.38,5.27,5.2,4.83,4.75,4.71,4.64,4.61,4.61,0,0,0,0,0,0,0,0,0,0,0,0,0,0,0,0,0,0,0,0
2026-06-02 01:20:00,1021.8,11.5,82,0,1.6,237,0.022,1.4,11.38,11.24,10.74,10.51,10.41,10.35,10.27,10.12,10.08,9.27,8.68,8.24,7.7,7.59,7.55,7.57,7.44,6.95,6.91,6.89,6.81,6.74,6.7,6.69,6.48,6.27,5.93,5.72,5.69,5.52,5.39,5.26,5.02,4.83,4.75,4.71,4.64,4.58,4.6,0,0,0,0,0,0,0,0,0,0,0,0,0,0,0,0,0,0,0,0
2026-06-02 01:40:00,1021.7,11.3,80,0,3.1,236,0.022,1.4,11.24,11.02,10.76,10.56,10.49,10.39,10.36,10.28,10.05,9.88,8.97,8.61,7.84,7.63,7.56,7.58,7.5,6.99,6.95,6.89,6.83,6.74,6.69,6.54,6.43,6.17,5.91,5.76,5.7,5.64,5.43,5.29,5.2,4.91,4.78,4.74,4.66,4.61,4.61,0,0,0,0,0,0,0,0,0,0,0,0,0,0,0,0,0,0,0,0
2026-06-02 02:00:00,1021.8,11.3,76,0,2,197,0.024,1.4,11.19,11.08,10.72,10.6,10.51,10.42,10.39,10.33,10.04,9.96,9.27,8.63,8.27,7.71,7.58,7.59,7.59,7.42,7.01,6.98,6.92,6.81,6.7,6.64,6.43,6.21,5.97,5.77,5.71,5.68,5.66,5.34,5.32,5.06,4.81,4.77,4.67,4.62,4.61,0,0,0,0,0,0,0,0,0,0,0,0,0,0,0,0,0,0,0,0
2026-06-02 02:20:00,1021.9,10.9,78,0,2.3,205,0.027,1.2,11.17,11.02,10.64,10.56,10.5,10.44,10.4,10.39,10.23,9.92,9.31,8.6,8.24,7.68,7.58,7.6,7.6,7.31,7.01,6.91,6.83,6.72,6.65,6.49,6.38,6,5.77,5.73,5.67,5.64,5.43,5.28,5.17,4.87,4.77,4.73,4.65,4.61,4.59,0,0,0,0,0,0,0,0,0,0,0,0,0,0,0,0,0,0,0,0
2026-06-02 02:40:00,1021.9,10.8,80,0,1.5,226,0.022,1.2,11.18,11.16,10.72,10.53,10.5,10.44,10.36,10.36,9.92,9.64,8.62,8.25,7.81,7.68,7.64,7.6,7.54,7.2,7,6.91,6.83,6.72,6.63,6.45,6.36,5.91,5.74,5.73,5.67,5.68,5.37,5.16,4.94,4.79,4.74,4.71,4.64,4.58,4.58,0,0,0,0,0,0,0,0,0,0,0,0,0,0,0,0,0,0,0,0
2026-06-02 03:00:00,1021.8,10.7,82,0,0.9,198,0.017,1.2,11.2,11.06,10.5,10.45,10.44,10.41,10.32,10.31,9.93,9.79,9.1,8.35,7.82,7.73,7.65,7.62,7.59,7.37,7.01,6.94,6.86,6.73,6.62,6.51,6.45,6.21,5.93,5.79,5.73,5.69,5.55,5.3,5.21,4.88,4.76,4.73,4.65,4.61,4.58,0,0,0,0,0,0,0,0,0,0,0,0,0,0,0,0,0,0,0,0
2026-06-02 03:20:00,1021.7,11,90,0,3.2,165,0.013,1.3,11.3,11.2,10.5,10.4,10.4,10.36,10.2,10.11,10.07,9.8,9.38,8.65,8.13,7.83,7.71,7.65,7.62,7.44,7.06,7,6.91,6.76,6.69,6.67,6.52,6.43,6.36,6.26,6.03,5.83,5.67,5.41,5.31,4.98,4.78,4.73,4.65,4.6,4.6,3.7,188,7,196,5.2,227,8.7,198,6.5,183,3.7,202,3.8,166,2.8,169,2.6,186,1.3,22
2026-06-02 03:40:00,1021.6,11,90,0,3.4,175,0.011,1.3,11.22,10.84,10.53,10.4,10.37,10.35,10.16,10.08,9.86,9.66,8.86,8.31,7.88,7.77,7.68,7.67,7.62,7.55,7.3,7.06,7.05,6.98,6.89,6.8,6.75,6.67,6.51,6.5,6.42,6.43,6.03,5.66,5.66,5.33,5.11,4.79,4.68,4.62,4.62,0,0,0,0,0,0,0,0,0,0,0,0,0,0,0,0,0,0,0,0
2026-06-02 04:00:00,1021.5,10.8,87,0,3.4,170,0.043,1.4,11.12,11.07,10.6,10.35,10.31,10.32,10.29,10.11,9.83,9.46,8.51,7.9,7.77,7.69,7.62,7.61,7.25,7.13,7.11,7.1,7.02,6.92,6.83,6.75,6.71,6.52,6.48,6.5,6.41,6.31,5.8,5.63,5.51,5.24,4.91,4.75,4.66,4.59,4.6,0,0,0,0,0,0,0,0,0,0,0,0,0,0,0,0,0,0,0,0
2026-06-02 04:20:00,1021.6,10.7,87,0,3.6,170,0.103,1.5,11.02,11,11,10.88,10.43,10.33,10.26,10.11,9.95,9.47,8.77,8.23,7.82,7.78,7.72,7.67,7.63,7.42,7.18,7.13,6.94,6.88,6.73,6.69,6.57,6.5,6.44,6.3,6.05,5.92,5.7,5.51,5.29,4.9,4.73,4.7,4.63,4.58,4.61,0,0,0,0,0,0,0,0,0,0,0,0,0,0,0,0,0,0,0,0
2026-06-02 04:40:00,1021.6,10.6,89,0,4.2,165,0.124,1.8,11,10.98,10.97,10.86,10.27,10.23,10.09,9.95,9.58,9.24,8.5,8.08,7.77,7.73,7.68,7.64,7.64,7.39,7.22,7.2,7.18,6.9,6.83,6.73,6.6,6.51,6.35,6.17,5.89,5.79,5.7,5.44,5.15,4.75,4.68,4.68,4.62,4.59,4.62,0,0,0,0,0,0,0,0,0,0,0,0,0,0,0,0,0,0,0,0
2026-06-02 05:00:00,1021.9,10.6,88,1,5.1,155,0.158,1.9,10.99,10.97,10.97,10.94,10.32,10.22,10.04,9.97,9.53,9.35,8.57,8.01,7.75,7.71,7.68,7.66,7.51,7.3,7.23,7.2,7.06,6.87,6.77,6.68,6.58,6.51,6.4,6.08,5.85,5.75,5.69,5.32,4.97,4.73,4.67,4.69,4.63,4.6,4.63,0,0,0,0,0,0,0,0,0,0,0,0,0,0,0,0,0,0,0,0
2026-06-02 05:20:00,1021.8,10.4,88,9,5.1,163,0.201,2,10.96,10.92,10.9,10.49,10.1,10.08,9.96,9.81,9.37,9.27,8.41,7.89,7.76,7.75,7.7,7.69,7.66,7.53,7.28,7.24,7.18,6.9,6.83,6.73,6.59,6.52,6.48,6.29,5.9,5.8,5.69,5.25,4.91,4.74,4.67,4.69,4.63,4.62,4.63,0,0,0,0,0,0,0,0,0,0,0,0,0,0,0,0,0,0,0,0
2026-06-02 05:40:00,1021.8,10.4,91,24,4.7,170,0.205,2.2,10.93,10.91,10.91,10.87,10.83,10.08,9.9,9.9,9.84,9.48,9.36,8.48,7.79,7.79,7.73,7.72,7.7,7.35,7.27,7.17,6.88,6.79,6.55,6.53,6.54,6.27,5.89,5.77,5.71,5.73,5.63,5.26,5,4.74,4.69,4.7,4.64,4.6,4.63,0,0,0,0,0,0,0,0,0,0,0,0,0,0,0,0,0,0,0,0
2026-06-02 06:00:00,1021.9,10.4,90,63,3.8,162,0.228,2.3,10.92,10.9,10.91,10.87,10.67,9.9,9.82,9.82,9.72,9.26,8.84,7.97,7.77,7.78,7.71,7.7,7.52,7.35,7.21,6.87,6.79,6.51,6.48,6.25,5.9,5.74,5.7,5.73,5.71,5.63,5.33,5.07,4.81,4.72,4.69,4.7,4.64,4.61,4.62,0,0,0,0,0,0,0,0,0,0,0,0,0,0,0,0,0,0,0,0
2026-06-02 06:20:00,1022,10.4,90,76,4.4,169,0.254,2.2,10.91,10.88,10.88,10.81,10.58,10,9.74,9.76,9.71,9.31,8.99,8.04,7.78,7.76,7.69,7.67,7.53,7.34,7.21,6.86,6.77,6.49,6.44,5.98,5.81,5.73,5.71,5.72,5.66,5.56,5.24,5,4.85,4.75,4.7,4.71,4.64,4.61,4.62,0,0,0,0,0,0,0,0,0,0,0,0,0,0,0,0,0,0,0,0
2026-06-02 06:40:00,1022.1,10.4,88,171,5.1,165,0.275,2.4,10.9,10.89,10.9,10.81,10.8,10.38,9.73,9.7,9.66,9.35,9,7.87,7.79,7.75,7.68,7.67,7.52,7.3,7.11,6.81,6.61,6.46,6.27,5.85,5.79,5.74,5.71,5.68,5.59,5.47,5.22,4.92,4.8,4.74,4.69,4.7,4.64,4.61,4.62,0,0,0,0,0,0,0,0,0,0,0,0,0,0,0,0,0,0,0,0
2026-06-02 07:00:00,1022.1,10.2,90,227,5.7,167,0.29,2.5,10.95,10.93,10.93,10.86,10.8,10.59,9.78,9.64,9.62,9.42,9.04,8.04,7.81,7.78,7.69,7.7,7.54,7.31,7.13,6.81,6.58,6.45,5.96,5.83,5.79,5.73,5.65,5.56,5.5,5.42,5.17,4.91,4.81,4.74,4.7,4.71,4.65,4.61,4.62,0,0,0,0,0,0,0,0,0,0,0,0,0,0,0,0,0,0,0,0
2026-06-02 07:20:00,1022.4,10.3,91,301,5.7,166,0.314,2.6,10.9,10.87,10.87,10.82,10.65,10.45,9.66,9.6,9.57,9.1,8.9,7.99,7.82,7.79,7.73,7.71,7.56,7.34,7.2,6.88,6.76,6.46,6.3,5.93,5.8,5.74,5.66,5.54,5.47,5.41,5.2,5.1,4.93,4.77,4.72,4.71,4.65,4.63,4.63,0,0,0,0,0,0,0,0,0,0,0,0,0,0,0,0,0,0,0,0
2026-06-02 07:40:00,1022.8,10.5,89,355,5.4,162,0.329,2.6,10.82,10.78,10.78,10.76,10.75,10.79,10.02,9.71,9.59,9.5,8.94,8.19,7.99,7.87,7.81,7.77,7.61,7.32,7.2,6.85,6.68,6.44,6.05,5.95,5.84,5.75,5.72,5.64,5.48,5.46,5.25,5.12,5.04,4.8,4.75,4.72,4.64,4.63,4.65,0,0,0,0,0,0,0,0,0,0,0,0,0,0,0,0,0,0,0,0
2026-06-02 08:00:00,1022.7,10.5,90,401,4.3,154,0.354,2.7,10.76,10.74,10.74,10.71,10.71,10.73,10.38,9.64,9.51,9.41,8.8,8.16,7.98,7.83,7.78,7.72,7.52,7.31,7.14,6.79,6.51,6.41,6.03,5.94,5.83,5.74,5.71,5.62,5.48,5.47,5.32,5.14,5.09,4.86,4.77,4.76,4.63,4.62,4.63,0,0,0,0,0,0,0,0,0,0,0,0,0,0,0,0,0,0,0,0
2026-06-02 08:20:00,1022.9,10.3,90,472,4.8,163,0.384,2.8,10.69,10.66,10.66,10.62,10.58,10.48,10.17,9.62,9.47,9.39,8.92,8.17,8.03,7.8,7.75,7.73,7.54,7.3,7.12,6.85,6.77,6.63,6.39,6.08,6.02,5.8,5.73,5.68,5.56,5.48,5.33,5.14,5.03,4.83,4.76,4.73,4.63,4.6,4.62,0,0,0,0,0,0,0,0,0,0,0,0,0,0,0,0,0,0,0,0
2026-06-02 08:40:00,1023,10.6,89,527,5.4,149,0.371,3,10.72,10.7,10.67,10.64,10.52,10.6,10.59,9.62,9.4,9.35,9.1,8.26,8.09,7.9,7.78,7.74,7.58,7.29,6.97,6.81,6.71,6.4,6.2,6.04,6,5.79,5.72,5.58,5.49,5.45,5.24,5.14,4.9,4.79,4.73,4.69,4.62,4.59,4.62,0,0,0,0,0,0,0,0,0,0,0,0,0,0,0,0,0,0,0,0
2026-06-02 09:00:00,1023.2,10.7,88,575,4.5,155,0.374,2.9,10.71,10.69,10.68,10.6,10.62,10.52,10.41,9.62,9.36,9.31,8.86,8.26,8.1,7.8,7.71,7.7,7.49,7.28,6.99,6.84,6.74,6.45,6.3,6.02,5.97,5.81,5.71,5.57,5.49,5.44,5.22,4.96,4.85,4.78,4.68,4.68,4.62,4.59,4.61,0,0,0,0,0,0,0,0,0,0,0,0,0,0,0,0,0,0,0,0
2026-06-02 09:20:00,1023.2,11,87,654,4.3,164,0.356,2.9,10.74,10.72,10.72,10.68,10.65,10.51,10.27,9.84,9.33,9.26,8.76,8.34,8.24,7.8,7.72,7.7,7.51,7.3,7.1,6.85,6.77,6.44,6.32,6.13,5.99,5.83,5.7,5.58,5.48,5.45,5.23,4.92,4.82,4.72,4.68,4.67,4.6,4.58,4.62,0,0,0,0,0,0,0,0,0,0,0,0,0,0,0,0,0,0,0,0
2026-06-02 09:40:00,1023.1,11.4,83,566,3.4,160,0.319,2.9,10.78,10.75,10.75,10.72,10.66,10.59,10.36,10.09,9.37,9.26,8.9,8.39,8.17,7.76,7.71,7.71,7.67,7.41,7.28,7.01,6.86,6.64,6.48,6.31,6.1,5.89,5.76,5.67,5.56,5.5,5.27,4.94,4.81,4.73,4.66,4.66,4.6,4.59,4.62,11.1,73,10.8,66,10.9,38,4.5,71,2.9,184,3.5,240,2.5,51,3.5,214,2.1,76,4.7,132
2026-06-02 10:00:00,1023,11.6,85,657,3.2,158,0.305,2.9,10.9,10.87,10.84,10.77,10.68,10.59,10.29,9.87,9.34,9.23,8.74,8.36,8.15,7.77,7.71,7.71,7.66,7.42,7.26,6.99,6.82,6.6,6.53,6.33,6.19,5.96,5.81,5.73,5.61,5.59,5.29,4.95,4.81,4.7,4.66,4.66,4.62,4.58,4.6,14.9,84,8.5,68,9.4,51,5.3,42,2,86,1.6,22,1.4,320,3.4,201,0.9,188,1.1,359
2026-06-02 10:20:00,1023,11.8,83,685,3.7,148,0.256,2.9,10.97,10.92,10.86,10.72,10.58,10.37,9.84,9.35,9.21,9.08,8.44,8.37,7.95,7.74,7.7,7.69,7.54,7.3,7.02,6.83,6.62,6.57,6.39,6.26,6.06,5.86,5.79,5.71,5.62,5.58,5.27,4.79,4.79,4.7,4.67,4.67,4.61,4.58,4.6,8.5,55,8.7,66,3,102,3.2,211,6,272,1.6,265,4.4,290,2.2,155,2.1,140,1.9,172
2026-06-02 10:40:00,1023,11.9,84,749,2.2,148,0.224,2.8,10.96,10.91,10.86,10.77,10.53,10.33,9.84,9.35,9.19,9.07,8.47,8.41,8.01,7.79,7.7,7.7,7.55,7.29,7.05,6.79,6.62,6.55,6.32,6.2,6,5.84,5.76,5.71,5.62,5.54,5.24,4.78,4.78,4.72,4.67,4.68,4.61,4.6,4.63,7.8,103,6.8,95,3.5,47,3,309,4.2,226,2.5,273,0.9,180,3.7,175,5.9,224,3.3,155
2026-06-02 11:00:00,1023.1,11.9,85,835,2,165,0.185,2.6,11.06,10.93,10.82,10.73,10.55,10.33,9.76,9.29,9.15,9.04,8.53,8.45,8.35,7.84,7.7,7.71,7.58,7.33,7.05,6.8,6.62,6.49,6.26,6.17,6.08,5.86,5.78,5.74,5.67,5.64,5.25,4.82,4.77,4.71,4.65,4.67,4.62,4.6,4.64,10.3,106,4.6,123,5.4,136,3.2,85,4.3,223,3.5,195,3.4,171,1.7,173,1.8,113,3.6,144
2026-06-02 11:20:00,1023,12.4,84,878,1.4,168,0.156,2.2,11.08,10.98,10.77,10.64,10.59,10.39,9.66,9.23,9.12,8.86,8.53,8.33,7.87,7.73,7.67,7.57,7.32,7.09,6.84,6.63,6.48,6.31,6.05,5.98,5.93,5.77,5.72,5.67,5.57,5.39,5.01,4.71,4.74,4.71,4.66,4.68,4.62,4.61,4.64,11.4,87,10.1,62,3.1,127,4.1,212,4,205,3.9,211,1.7,119,1.4,55,3.4,214,3.2,139
2026-06-02 11:40:00,1022.6,12.7,86,875,1.3,194,0.131,2.3,11.08,10.94,10.78,10.7,10.57,10.33,9.89,9.24,9.12,8.87,8.48,8.22,7.75,7.71,7.64,7.49,7.21,6.85,6.73,6.51,6.41,6.26,5.99,5.93,5.83,5.78,5.69,5.66,5.55,5.33,4.92,4.68,4.73,4.68,4.66,4.67,4.62,4.61,4.64,7.5,69,4.6,79,4,209,4.7,187,4.3,232,2.1,37,2.2,108,0.7,101,3.1,135,1,120
2026-06-02 12:00:00,1022.5,13.3,83,902,0.8,188,0.107,2.4,11.09,10.94,10.83,10.69,10.56,10.32,9.54,9.2,9.07,8.73,8.46,8.18,7.7,7.7,7.58,7.36,7.12,6.82,6.63,6.44,6.34,6.1,5.97,5.95,5.88,5.79,5.73,5.68,5.57,5.31,4.89,4.68,4.71,4.68,4.66,4.68,4.63,4.6,4.63,9.5,108,6.4,106,5,125,2.8,103,3.4,181,4.8,211,3.2,240,5.2,195,4.6,202,3.9,194
2026-06-02 12:20:00,1022.5,14.4,80,832,1,188,0.091,2.5,11.26,11,10.88,10.76,10.66,10.57,10.21,9.34,9.17,8.92,8.55,8.3,7.72,7.7,7.63,7.47,7.28,6.83,6.64,6.49,6.44,6.37,6.17,6.02,5.97,5.86,5.78,5.76,5.71,5.46,5.03,4.74,4.74,4.68,4.67,4.68,4.63,4.6,4.63,11,108,8.4,125,6.2,124,7.4,148,3.9,160,1.4,267,2,275,3.3,208,4,156,1.4,194
2026-06-02 12:40:00,1022.5,14.9,78,844,1.4,187,0.081,2.3,11.36,11,10.85,10.69,10.6,10.22,9.47,9.19,8.88,8.55,8.23,7.74,7.68,7.65,7.38,7.08,6.84,6.65,6.46,6.4,6.33,6.2,6.06,6,5.98,5.86,5.79,5.75,5.71,5.43,4.93,4.73,4.72,4.67,4.66,4.67,4.61,4.59,4.63,9.8,127,4.2,131,2.8,170,6.7,194,4,199,5.5,220,5.8,245,2.3,209,3.3,245,4.7,262
2026-06-02 13:00:00,1022.2,15.5,72,791,1.5,222,0.068,2.3,11.31,10.96,10.85,10.68,10.5,9.8,9.22,8.79,8.7,8.41,7.93,7.72,7.64,7.38,7.11,6.83,6.66,6.46,6.43,6.32,6.21,6.09,6.01,6.01,5.98,5.84,5.77,5.75,5.53,5.28,4.91,4.75,4.74,4.68,4.67,4.68,4.61,4.6,4.63,8.5,126,5.4,156,1.7,178,2.4,229,6.4,220,4.4,266,4.3,261,4,227,2.3,230,5.6,265
2026-06-02 13:20:00,1022,15.9,71,844,0.8,187,0.058,2.3,11.49,10.99,10.81,10.69,10.47,9.6,9.19,8.77,8.54,8.35,8,7.73,7.65,7.52,7.22,6.93,6.73,6.54,6.45,6.42,6.32,6.11,6.01,6,5.96,5.81,5.78,5.7,5.39,5.21,4.94,4.77,4.76,4.68,4.67,4.69,4.62,4.6,4.63,8.2,140,6.2,158,4.8,193,1.2,342,3,210,3.3,286,3.6,286,4.8,259,1.9,260,1.7,274
2026-06-02 13:40:00,1021.9,16.8,62,876,1.2,43,0.046,2.3,11.72,11.08,10.85,10.74,10.25,9.43,9.13,8.72,8.55,8.36,8.2,7.78,7.7,7.53,7.23,7.03,6.82,6.54,6.45,6.43,6.3,6.11,6.02,6,6.01,5.86,5.81,5.79,5.65,5.4,5.04,4.79,4.76,4.7,4.68,4.69,4.64,4.6,4.63,10.9,155,5.5,164,2.6,207,4,265,4.6,232,3.9,219,5.1,228,4.8,192,4.2,190,1.7,232
2026-06-02 14:00:00,1021.7,17.5,61,900,1.6,25,0.048,1.8,11.78,11.08,10.85,10.72,9.7,9.21,8.79,8.48,8.32,8.23,7.81,7.72,7.46,7.17,6.91,6.81,6.57,6.45,6.44,6.27,6.08,5.99,5.96,5.96,5.89,5.78,5.7,5.59,5.28,5.18,4.93,4.74,4.76,4.7,4.68,4.7,4.62,4.6,4.64,6.9,161,2.1,126,5,259,5.8,257,3.2,251,7.1,266,0.9,269,3.6,166,2.7,319,5.2,256
2026-06-02 14:20:00,1021.6,18.1,57,705,1.6,25,0.044,1.7,11.76,11.09,10.88,10.69,9.73,9.21,8.86,8.48,8.35,8.15,7.82,7.68,7.46,7.12,6.84,6.78,6.54,6.45,6.44,6.25,6.04,5.97,5.92,5.88,5.81,5.72,5.58,5.4,5.17,5.04,4.93,4.78,4.76,4.69,4.68,4.7,4.63,4.6,4.63,6.5,93,1.9,317,2.6,195,4.7,288,6.6,255,5.8,301,5.2,304,0.9,217,4.8,304,5.4,320
2026-06-02 14:40:00,1021.5,17.8,59,785,1.8,33,0.073,3.7,12.06,11.14,10.91,10.68,9.63,9.22,8.99,8.8,8.38,8.16,8.04,7.75,7.51,7.13,6.8,6.79,6.57,6.47,6.45,6.27,6.09,5.98,5.92,5.89,5.84,5.75,5.66,5.38,5.2,5.08,4.94,4.79,4.77,4.72,4.7,4.71,4.63,4.61,4.64,6.6,183,2.2,225,4.7,241,6.6,272,5,227,6.4,241,3.5,294,0.9,202,3.6,194,2.4,3
2026-06-02 15:00:00,1021.5,17.8,60,775,2.7,33,0.038,2.2,12.3,11.2,10.9,10.65,9.54,9.11,8.93,8.6,8.3,7.97,7.78,7.48,7.13,6.82,6.73,6.62,6.49,6.46,6.29,6.08,5.98,5.94,5.84,5.75,5.74,5.46,5.34,5.19,5.07,5.02,4.9,4.77,4.77,4.69,4.69,4.7,4.63,4.61,4.63,7.6,187,6.4,201,5.9,263,6.2,267,3.4,262,2.5,282,5.1,287,5.9,263,4.6,289,2,323
2026-06-02 15:20:00,1021.3,17.9,62,733,1.7,42,0.033,2.4,11.57,11.18,10.92,10.59,9.4,9.13,9.01,8.49,8.23,7.91,7.8,7.48,7.17,6.96,6.78,6.64,6.53,6.47,6.38,6.15,5.98,5.92,5.86,5.83,5.76,5.62,5.37,5.23,5.1,5.03,4.88,4.78,4.79,4.75,4.69,4.7,4.63,4.61,4.62,1.7,220,8,225,7,261,2.3,289,3.4,272,5.4,268,6.7,235,4.2,230,4,265,4.2,253
2026-06-02 15:40:00,1021.3,16.8,62,656,2.5,28,0.036,1.2,11.66,11.15,10.93,10.5,9.39,9.16,8.98,8.29,8.12,7.83,7.72,7.42,7.13,6.91,6.77,6.69,6.61,6.49,6.46,6.21,6.06,5.95,5.87,5.81,5.75,5.64,5.38,5.26,5.11,5.05,4.89,4.79,4.84,4.74,4.7,4.71,4.64,4.61,4.64,5.5,172,1.8,192,3.8,264,4.7,321,1,63,1.2,49,6.5,225,3.7,186,2.8,283,1.9,350
2026-06-02 16:00:00,1021.1,17.3,54,649,2.9,29,0.064,1.3,12.22,11.4,10.96,10.45,9.37,9.2,9.06,8.65,8.17,7.87,7.75,7.65,7.15,7.1,6.77,6.73,6.66,6.52,6.48,6.18,6.04,5.93,5.87,5.82,5.75,5.64,5.35,5.3,5.17,5.07,4.89,4.79,4.82,4.73,4.7,4.7,4.64,4.61,4.65,4.2,222,3.6,294,7.3,310,4.6,315,3.2,336,0.8,346,2.9,256,4.2,261,2.7,307,2,23
2026-06-02 16:20:00,1021.3,16.8,59,635,3,30,0.074,1.4,12.56,11.35,10.96,10.39,9.43,9.3,9.13,8.44,8.17,7.86,7.72,7.57,7.15,6.95,6.75,6.72,6.64,6.53,6.4,6.13,5.98,5.9,5.8,5.75,5.72,5.38,5.27,5.21,5.13,5.08,4.91,4.8,4.81,4.75,4.69,4.69,4.63,4.61,4.64,0.2,121,2.6,339,4.7,2,3.3,24,6.7,16,6.6,0,4.5,52,2.4,136,3.7,282,5.9,330
2026-06-02 16:40:00,1021.3,17.3,60,575,2.2,343,0.076,1.5,12.66,12.19,11.16,10.63,9.75,9.5,9.29,9.11,8.27,8.12,7.81,7.67,7.38,7.11,6.82,6.8,6.75,6.64,6.55,6.35,6.16,5.97,5.87,5.82,5.75,5.66,5.34,5.24,5.19,5.08,4.94,4.79,4.8,4.75,4.72,4.7,4.63,4.61,4.62,5.9,169,2.9,321,6.8,339,5.7,309,6.4,323,7.3,315,4.4,300,6.8,325,3.6,291,2.6,35
2026-06-02 17:00:00,1021.2,17.6,58,543,3,5,0.069,1.4,12.98,12.38,11.33,10.73,10.14,9.8,9.52,9.28,9.15,8.17,8.09,7.73,7.64,7.47,7.12,7.01,6.91,6.84,6.74,6.69,6.61,6.42,6.15,5.98,5.92,5.79,5.68,5.45,5.28,5.23,5.05,4.82,4.84,4.76,4.71,4.71,4.64,4.6,4.62,2.7,240,4.5,249,3.4,292,8,322,6.2,340,4.7,6,3.3,358,4.1,309,1.9,301,2.4,323
2026-06-02 17:20:00,1021.1,18,54,484,2.7,3,0.093,1.5,12.96,12.57,11.18,10.41,10.35,10.02,9.58,9.25,8.27,8.07,7.7,7.63,7.4,7.15,7.04,6.97,6.93,6.81,6.76,6.66,6.6,6.24,6.05,5.93,5.88,5.72,5.64,5.46,5.28,5.25,5.04,4.82,4.82,4.76,4.7,4.69,4.63,4.59,4.59,4.3,227,2,312,4.8,318,7.4,310,9.2,351,5.2,352,5,332,6.1,339,2.6,337,2,341
2026-06-02 17:40:00,1021,17.6,56,427,2,2,0.109,1.7,12.76,12.24,10.94,10.5,10.51,10.23,9.71,9.34,8.57,8.11,7.75,7.6,7.39,7.17,7.04,7,6.96,6.87,6.81,6.73,6.65,6.42,6.14,5.95,5.85,5.75,5.69,5.51,5.37,5.27,5.1,4.84,4.82,4.76,4.68,4.67,4.6,4.59,4.57,6.8,278,7.9,300,8.2,310,2.7,8,3.6,61,3.4,72,2.4,252,3.6,139,3,21,1.6,243
2026-06-02 18:00:00,1020.9,20.3,39,360,2.3,342,0.121,1.9,12.69,11.97,10.84,10.61,10.6,10.46,9.77,9.41,8.82,8.13,7.78,7.6,7.4,7.21,7.1,7.07,7.06,6.91,6.86,6.77,6.69,6.51,6.3,6.13,5.93,5.82,5.75,5.68,5.48,5.38,5.18,4.88,4.85,4.78,4.68,4.65,4.55,4.53,4.56,2.6,293,7,299,6.7,286,2.2,9,2.6,18,4.4,54,3.8,254,2,333,0.6,84,1.6,312
2026-06-02 18:20:00,1020.9,19.6,44,309,3,344,0.106,1.9,12.57,12.24,11.05,10.69,10.66,10.58,9.77,9.44,8.52,8.12,7.78,7.61,7.43,7.24,7.12,7.14,7.1,6.99,6.92,6.8,6.71,6.53,6.37,6.18,5.97,5.85,5.8,5.71,5.48,5.38,5.23,4.89,4.86,4.73,4.66,4.62,4.54,4.52,4.56,7.7,320,7,305,10,322,7.3,30,4.8,50,3.3,29,3.7,48,4.1,21,4.2,8,3.6,21
2026-06-02 18:40:00,1021,18.7,51,252,2,349,0.11,1.9,12.53,12.39,10.95,10.77,10.7,10.41,9.61,9.45,8.36,7.93,7.73,7.61,7.41,7.23,7.18,7.19,7.1,7.01,6.88,6.81,6.76,6.54,6.39,6.39,5.96,5.85,5.75,5.63,5.48,5.39,5.19,4.86,4.89,4.71,4.63,4.6,4.54,4.52,4.55,4.6,302,4.4,322,6.4,16,7.9,22,6,326,5.3,5,3.6,19,2.6,26,6.2,9,3.6,37
2026-06-02 19:00:00,1021,18.9,47,201,2.2,354,0.104,1.8,12.5,12.19,11.19,10.85,10.81,10.75,10.14,9.63,9.48,8.45,7.95,7.68,7.56,7.39,7.24,7.25,7.18,7.12,6.97,6.85,6.82,6.67,6.53,6.46,6.38,5.96,5.86,5.81,5.64,5.51,5.27,5.07,4.9,4.76,4.65,4.61,4.53,4.51,4.55,7.1,323,6.7,315,4.4,338,4.3,6,3.4,41,7.5,58,5.2,83,6.1,41,4.4,49,3.3,80
2026-06-02 19:20:00,1021,18.4,53,134,1.6,321,0.088,1.8,12.69,12.43,11.66,10.93,10.89,10.83,10.5,9.73,9.56,8.47,8.03,7.66,7.56,7.42,7.28,7.28,7.27,7.21,7.02,6.87,6.86,6.82,6.56,6.44,6.36,6.05,5.85,5.79,5.61,5.53,5.34,5.12,4.94,4.76,4.65,4.61,4.53,4.51,4.54,6.6,306,8.8,332,9,340,6.5,332,5.7,29,5.4,93,4.8,101,4.2,134,4.1,126,5.5,56
2026-06-02 19:40:00,1020.8,19,50,74,1.8,318,0.087,1.8,13.15,12.52,11.43,10.95,10.91,10.81,9.93,9.72,9.55,8.29,7.89,7.7,7.6,7.46,7.37,7.36,7.36,7.29,7.14,7.04,6.96,6.84,6.8,6.58,6.38,6.09,5.86,5.79,5.63,5.54,5.37,5.14,4.98,4.83,4.67,4.58,4.52,4.5,4.54,5.5,289,7.7,315,4.6,351,6.2,29,3,33,0.6,355,2.7,47,2.6,28,4.7,62,4.1,59
2026-06-02 20:00:00,1021,18.9,44,35,1.6,291,0.075,1.8,13.79,13.06,12.04,11.02,10.95,10.88,10.38,9.88,9.64,8.54,7.87,7.73,7.65,7.51,7.45,7.45,7.44,7.28,7.2,7.1,7,6.8,6.76,6.59,6.36,6.1,5.86,5.78,5.62,5.54,5.37,5.16,4.99,4.82,4.7,4.6,4.52,4.5,4.54,5.3,322,3.9,343,9.5,324,2.5,335,5.9,31,4.4,73,4.4,145,4.6,89,0.6,164,5.9,32
2026-06-02 20:20:00,1021.1,17.5,60,11,0.7,283,0.066,1.8,13.55,12.84,11.53,11.03,10.95,10.9,10.47,9.88,9.68,8.67,7.82,7.71,7.65,7.6,7.55,7.52,7.4,7.33,7.12,6.8,6.79,6.76,6.69,6.38,6.35,6.17,5.88,5.83,5.68,5.56,5.38,5.17,5.03,4.83,4.68,4.6,4.52,4.5,4.53,5.3,26,7.7,17,10.1,16,13,47,8.1,64,11,90,8.1,88,4.5,70,3.6,162,7,85
2026-06-02 20:40:00,1021.1,16.8,65,1,1.1,221,0.056,1.6,13.44,12.97,12.04,11.1,11.03,10.99,10.84,10.2,9.86,9.68,8.66,7.76,7.71,7.69,7.64,7.62,7.53,7.48,7.36,7.21,7.07,6.74,6.69,6.65,6.38,6.26,6,5.87,5.71,5.59,5.4,5.18,5.06,4.9,4.74,4.62,4.51,4.5,4.53,8.8,315,8.6,338,8.9,4,7,11,6.3,45,7.5,72,7.4,66,4.2,153,7.3,176,4,112
2026-06-02 21:00:00,1021.1,16.2,66,0,1.4,247,0.044,1.8,13.09,12.66,11.24,11.08,11.02,11.01,10.71,10.05,9.84,9.33,8.56,7.75,7.71,7.72,7.63,7.61,7.61,7.52,7.34,7.18,6.93,6.82,6.63,6.57,6.29,6.13,5.87,5.83,5.63,5.55,5.33,5.13,5.03,4.81,4.7,4.59,4.52,4.5,4.53,5.4,46,5.8,50,5.3,66,6.6,62,3.9,61,8.9,71,8.6,97,7.9,110,5,93,3.1,112
2026-06-02 21:20:00,1021.1,15.4,72,0,1.6,226,0.039,1.7,12.65,12.33,11.36,11.1,11.05,11.05,10.84,10.36,9.91,9.67,9.06,7.82,7.78,7.77,7.66,7.67,7.66,7.48,7.36,7.21,7.05,6.77,6.54,6.27,6.24,5.94,5.84,5.71,5.59,5.51,5.27,5.09,5.01,4.85,4.69,4.59,4.52,4.5,4.53,6.2,15,5.6,8,8.1,359,8.3,9,6.2,59,5.5,72,5.8,96,6.1,83,3.9,65,1.3,136
2026-06-02 21:40:00,1021.1,16.2,60,0,2.7,254,0.034,1.7,12.21,11.85,11.29,11.12,11.07,11.06,10.83,10.51,9.95,9.74,8.95,8.03,7.99,7.83,7.77,7.73,7.65,7.56,7.47,7.41,7.33,7.13,6.73,6.53,6.21,6.11,5.88,5.8,5.63,5.5,5.34,5.05,5.03,4.85,4.67,4.59,4.51,4.5,4.53,3.5,352,5,356,9.9,32,5.2,32,5.4,40,8.4,37,7.5,69,4.7,90,3.8,70,4.6,55
2026-06-02 22:00:00,1021.2,16.2,61,0,1.7,249,0.026,1.4,12.46,11.61,11.23,11.13,11.07,10.96,10.76,10.27,9.88,9.5,8.47,8.27,8.09,7.87,7.78,7.69,7.64,7.59,7.51,7.4,7.21,6.78,6.5,6.18,6.1,5.88,5.76,5.56,5.4,5.39,5.24,5.03,5.01,4.84,4.64,4.59,4.52,4.5,4.54,3.2,158,3.2,72,5.3,87,6.9,81,5.3,70,8.9,86,3.8,99,7.8,93,6.5,79,5.7,108
2026-06-02 22:20:00,1021.4,14.8,79,0,0.7,151,0.021,1.5,12.34,11.53,11.24,11.1,11.07,10.98,10.72,10.24,9.89,9.33,8.66,8.35,8.04,7.86,7.74,7.7,7.68,7.58,7.49,7.38,7.12,6.65,6.33,6.16,6.1,5.89,5.71,5.53,5.41,5.35,5.21,5.03,5.04,4.92,4.7,4.61,4.54,4.51,4.54,2.5,14,5.3,39,7.1,62,4.4,80,6.3,76,6.6,94,7.8,89,6.3,112,2.4,114,4.1,107
2026-06-02 22:40:00,1021.5,14.9,72,0,1.1,147,0.018,1.8,12.45,11.65,11.28,11.11,11.07,11.05,10.89,10.56,10.05,9.56,9.06,8.67,8.45,8.09,7.86,7.77,7.68,7.6,7.54,7.5,7.36,6.92,6.67,6.4,6.3,6.2,6.08,6.06,5.97,5.84,5.49,5.24,5.22,5.04,4.98,4.72,4.57,4.52,4.54,4.9,87,5.1,100,5.6,47,7.1,97,9.4,74,10,68,7.6,86,7.6,115,5.6,136,8.2,139
2026-06-02 23:00:00,1021.4,15.8,67,0,1.9,143,0.018,1.6,11.95,11.51,11.24,11.1,11.07,10.98,10.89,10.57,10.22,9.49,9.24,8.92,8.71,8.5,8.26,7.88,7.74,7.6,7.53,7.5,7.26,6.82,6.68,6.49,6.26,6.19,6.05,6.03,5.91,5.83,5.57,5.35,5.23,5.06,4.94,4.71,4.57,4.52,4.54,5.7,34,4.6,55,4.5,39,6.7,88,5.7,91,9.1,79,7.3,101,7.1,139,7.7,138,5.8,170
2026-06-02 23:20:00,1021.5,14,79,0,0.7,142,0.019,1.2,11.87,11.44,11.17,11.07,10.96,10.89,10.72,10.41,9.85,9.42,9.3,9.02,8.6,8.37,8.04,7.87,7.71,7.58,7.51,7.35,6.93,6.82,6.68,6.53,6.43,6.33,6.22,6.12,6.03,5.91,5.67,5.54,5.3,5.09,4.97,4.78,4.54,4.5,4.54,5.5,56,6.8,54,6.5,81,6.1,65,6.1,69,11.1,75,8.5,84,6.8,101,8.2,149,4.7,149
2026-06-02 23:40:00,1021.5,14.3,72,0,2,154,0.031,1.9,11.59,11.34,11.14,10.96,10.88,10.8,10.41,10.08,9.75,9.52,9.2,8.57,8.32,7.84,7.7,7.58,7.47,6.96,6.84,6.67,6.53,6.51,6.23,6.19,6.12,6.02,5.93,5.91,5.82,5.74,5.61,5.19,5.09,4.93,4.71,4.64,4.54,4.5,4.54,1.3,85,7.7,102,9.3,109,12.1,115,8.1,114,4.9,131,3.3,200,5.8,222,3.5,215,5,97
2026-06-03,1021.7,15.1,69,0,0.9,112,0.022,1.4,11.57,11.24,11.1,10.94,10.81,10.58,10.2,10.04,9.76,9.3,8.64,8.06,7.76,7.56,7.22,6.94,6.89,6.67,6.61,6.42,6.32,6.13,6.05,5.95,5.95,5.88,5.84,5.79,5.45,5.28,5.11,4.96,4.94,4.82,4.64,4.6,4.53,4.5,4.54,6.6,84,9.5,89,8,100,8.1,108,6.9,110,6,144,6,147,1.2,80,2.8,340,6,327
2026-06-03 00:20:00,1021.6,13.8,75,0,1.6,117,0.021,1.4,11.87,11.28,11.14,10.95,10.86,10.7,10.41,10.34,10.08,9.61,9.42,8.8,8.24,7.77,7.52,7.16,6.91,6.75,6.63,6.4,6.33,6.18,6.09,6.02,6.01,5.93,5.86,5.74,5.35,5.24,5.11,4.97,4.94,4.82,4.75,4.64,4.54,4.5,4.54,3.2,117,6.2,104,8.4,110,6.7,123,7.6,134,6.1,162,3.7,117,0.7,113,3.2,259,3,247
2026-06-03 00:40:00,1021.7,14.1,70,0,1.5,131,0.016,1.2,11.97,11.31,11.13,10.94,10.8,10.72,10.65,10.32,9.83,9.43,9.15,8.68,8.2,7.78,7.55,7.35,6.94,6.81,6.57,6.31,6.23,6.18,6.1,6.07,5.99,5.87,5.72,5.35,5.21,5.15,5.13,4.97,4.94,4.85,4.74,4.65,4.54,4.51,4.54,3.5,103,6.7,88,5.4,89,6.2,102,6.1,143,3.1,163,4.8,181,4.5,223,5.8,228,1.4,237
2026-06-03 01:00:00,1021.7,13.9,75,0,2.4,139,0.015,1.5,11.9,11.28,11.1,10.86,10.81,10.76,10.5,10.07,9.77,9.49,9.38,8.63,8.02,7.76,7.55,7.34,7.01,6.86,6.72,6.48,6.31,6.19,6.04,6.02,5.98,5.88,5.77,5.48,5.28,5.21,5.14,4.97,4.98,4.88,4.76,4.67,4.55,4.53,4.54,8.4,104,8.5,126,7.6,155,9.5,139,5.9,158,7.8,172,10.3,171,5.4,166,5.4,202,6.2,231
2026-06-03 01:20:00,1021.6,14,74,0,1.8,146,0.02,1.3,11.77,11.27,11.08,10.88,10.87,10.57,10.36,10.16,9.96,9.54,9.1,8.42,7.93,7.66,7.47,7.17,6.97,6.82,6.58,6.44,6.27,6.18,6.01,5.99,5.98,5.88,5.78,5.52,5.29,5.21,5.15,4.94,4.97,4.88,4.77,4.71,4.55,4.51,4.54,8.4,137,7.7,138,5.6,159,6.6,130,1.6,223,3.9,226,3.7,216,4.2,232,2.4,227,4.4,195
2026-06-03 01:40:00,1021.8,13.4,81,0,2.8,150,0.03,1.3,11.78,11.61,11.24,11.16,10.96,10.74,10.63,10.36,10.11,9.66,9.37,8.33,7.87,7.6,7.45,7.11,6.92,6.82,6.61,6.36,6.24,6.09,5.99,5.97,5.92,5.75,5.34,5.21,5.16,5.17,5.01,4.9,4.92,4.78,4.71,4.61,4.55,4.5,4.54,0.6,74,2.9,155,8.2,173,5.1,183,2.1,188,2.5,227,3.1,226,5.4,201,2.9,252,5.3,278
2026-06-03 02:00:00,1021.9,13,82,0,2.7,160,0.035,1.4,11.72,11.69,11.53,11.44,11.39,11.05,10.91,10.81,10.31,9.59,8.77,8.06,7.66,7.52,7.18,6.92,6.86,6.69,6.65,6.41,6.25,6.13,6.03,6,5.91,5.66,5.29,5.18,5.15,5.15,4.97,4.89,4.91,4.75,4.64,4.61,4.52,4.5,4.54,5,145,4.8,129,3,191,2.6,162,3.5,224,3.6,236,6.9,274,1.8,263,2.1,326,2.8,283
2026-06-03 02:20:00,1022,13.1,80,0,2.8,162,0.08,1.4,11.73,11.71,11.72,11.67,11.28,10.93,10.58,10.38,9.95,9.54,9.16,8.13,7.76,7.61,7.25,6.94,6.89,6.81,6.73,6.64,6.34,6.13,6.02,5.99,5.94,5.71,5.32,5.22,5.15,5.15,5,4.89,4.9,4.76,4.68,4.63,4.52,4.51,4.54,10.4,165,7,134,6.1,124,3.9,265,3,166,5.2,263,3.3,259,4.5,298,5.4,285,4.3,249
2026-06-03 02:40:00,1021.8,13,79,0,3.8,161,0.121,1.7,12,11.99,11.98,11.89,11.79,11.16,10.55,10.34,9.76,9.46,8.45,7.95,7.66,7.45,6.95,6.91,6.81,6.72,6.56,6.24,6.09,6,5.93,5.84,5.69,5.31,5.17,5.16,5.13,5.13,4.97,4.84,4.83,4.69,4.62,4.57,4.52,4.51,4.54,4.6,109,3.2,245,2.6,305,8,302,7.9,257,8.4,269,7.7,277,2.9,286,3.8,278,1.8,277
2026-06-03 03:00:00,1021.7,13.2,78,0,4.8,161,0.142,1.8,12.1,12.01,10.88,10.45,10.41,10.41,10.35,10.29,9.92,9.67,9.53,8.66,8.08,7.78,7.64,7.41,7.17,6.95,6.88,6.8,6.74,6.6,6.34,6.18,6.04,5.93,5.89,5.79,5.68,5.52,5.18,5.07,5.05,4.87,4.84,4.8,4.59,4.54,4.56,2.8,73,6.5,107,4.4,187,4,233,7.1,243,5.1,219,5.1,246,5.3,274,5.7,272,3.5,282
2026-06-03 03:20:00,1021.7,12.8,84,0,4.3,153,0.147,1.8,12.04,12.02,11.95,10.91,10.64,10.38,10.34,10.26,9.69,9.45,8.85,8.2,7.93,7.76,7.68,7.6,7.47,7.31,7,6.94,6.88,6.76,6.6,6.54,6.35,6.14,6,5.97,5.93,5.79,5.73,5.26,5.15,5.04,4.87,4.85,4.66,4.57,4.57,3.2,134,0.1,267,1.1,312,3.3,254,1.9,272,6.3,270,6.4,299,7.3,294,6,293,3.2,336
2026-06-03 03:40:00,1021.7,12.8,85,0,4.6,157,0.145,1.7,12,11.98,11.98,11.79,10.92,10.31,10.06,9.62,9.41,8.99,8.65,8.4,8.13,7.89,7.7,7.71,7.6,7.37,7.26,7.01,6.96,6.88,6.76,6.67,6.47,6.19,5.99,5.97,5.85,5.75,5.68,5.25,5.23,5.11,4.95,4.89,4.65,4.58,4.56,6.4,103,7.7,95,3.1,291,4.7,271,5.8,267,7.2,289,6.4,269,3.2,249,5.8,223,6.5,250
2026-06-03 04:00:00,1021.6,12.8,86,0,4.5,151,0.161,1.8,11.97,11.96,11.94,11.37,10.19,9.98,9.46,9.21,9,8.32,8.21,8.05,7.85,7.79,7.7,7.71,7.6,7.43,7.3,7.16,6.99,6.84,6.74,6.6,6.32,6.04,5.97,5.9,5.8,5.79,5.38,5.17,5.12,4.91,4.85,4.68,4.59,4.52,4.56,2.3,145,1.8,161,8.1,261,5.9,279,6.4,266,3.8,281,6.8,282,3.8,322,4.7,230,2.8,322
2026-06-03 04:20:00,1021.7,12.8,84,0,4.6,161,0.177,1.8,12.07,12.05,11.75,10.65,10.27,10.17,9.63,9.28,8.99,8.73,8.25,8.15,7.82,7.77,7.7,7.72,7.6,7.4,7.28,7.06,6.85,6.75,6.59,6.32,6.07,5.93,5.77,5.77,5.76,5.6,5.25,5.15,5.08,4.91,4.73,4.66,4.56,4.54,4.57,5.1,358,1.6,256,4.6,299,6.7,290,5.4,274,8.1,253,7.3,288,4.3,277,3.8,231,4.3,241
2026-06-03 04:40:00,1021.8,12.7,84,0,4.4,148,0.193,1.9,12.1,12.08,12.05,11.5,10.55,10.4,10.27,9.97,9.19,8.92,8.29,8.11,7.77,7.73,7.71,7.65,7.55,7.4,7.28,7.14,6.88,6.74,6.55,6.25,6.06,5.92,5.8,5.75,5.69,5.67,5.41,5.2,5.13,5.02,4.92,4.71,4.6,4.57,4.58,2.3,32,3.3,297,1,213,0.5,224,0.8,99,3.6,292,5.6,263,3.2,232,1,56,2.1,54
2026-06-03 05:00:00,1022,12.7,84,1,4.7,157,0.196,2.1,12.14,12.1,12.03,11.61,10.97,10.48,9.83,9.25,8.95,8.22,8.03,7.83,7.75,7.74,7.67,7.63,7.53,7.27,7.02,6.79,6.75,6.57,6.29,6.12,6.03,5.86,5.68,5.67,5.67,5.62,5.33,5.17,5.12,5.02,4.81,4.73,4.61,4.57,4.59,1.1,123,6,354,3.8,254,6.9,296,6.9,297,4.8,285,4.9,228,4.6,243,2.9,290,3.2,20
2026-06-03 05:20:00,1022.3,12.4,87,17,4.3,161,0.214,2,12.15,12.12,12.09,11.7,11.14,10.38,9.55,9.13,8.54,8.01,7.99,7.87,7.75,7.73,7.66,7.63,7.5,7.19,7.03,6.86,6.77,6.73,6.69,6.52,6.31,6.02,5.86,5.73,5.63,5.56,5.34,5.17,5.11,4.98,4.78,4.69,4.62,4.59,4.6,3.2,207,6.2,208,1.4,129,1.9,301,2.3,316,3.2,349,2.7,289,3.2,238,2.7,173,3,33
2026-06-03 05:40:00,1022.6,12.5,85,51,4.1,157,0.199,2,12.07,12.01,11.89,11.31,10.41,10.28,9.26,8.89,8.31,7.95,7.92,7.84,7.73,7.73,7.68,7.65,7.56,7.28,7.18,6.99,6.83,6.76,6.7,6.69,6.6,6.25,5.98,5.85,5.72,5.65,5.43,5.23,5.12,4.99,4.86,4.73,4.66,4.61,4.63,5.1,177,2.8,242,4.2,274,6.3,332,4.4,300,4.8,289,3.4,294,2.7,235,1.6,172,2.8,134
2026-06-03 06:00:00,1022.8,12.6,85,96,4.8,164,0.196,2,12.02,12,11.99,11.82,11.43,10.55,10.39,9.27,8.88,8.15,7.9,7.81,7.72,7.72,7.65,7.65,7.5,7.32,7.16,7.02,6.81,6.73,6.69,6.71,6.66,6.31,6,5.95,5.75,5.67,5.44,5.15,5.09,4.88,4.83,4.81,4.66,4.61,4.57,3.8,56,3.7,313,5.2,300,4.4,331,4.6,334,5.4,356,4.4,308,1.1,255,1.9,32,2.6,256
2026-06-03 06:20:00,1023,12.5,83,147,4.1,171,0.2,2,12,11.98,11.99,11.94,11.89,10.85,10.55,9.39,8.93,8.32,7.89,7.78,7.7,7.71,7.65,7.66,7.54,7.35,7.2,7.04,6.84,6.72,6.69,6.71,6.64,6.25,6,5.91,5.76,5.7,5.55,5.24,5.1,4.91,4.84,4.76,4.59,4.54,4.57,5.2,98,3,192,3.8,171,4.5,253,5.1,310,1.7,81,2.2,216,1.6,253,1.2,62,0.9,37
2026-06-03 06:40:00,1023.2,12.4,84,196,4.1,164,0.201,2.1,12.1,12.05,12.03,11.91,11.64,10.76,10.5,9.85,9.11,8.6,7.88,7.75,7.69,7.69,7.62,7.48,7.32,7.12,6.99,6.8,6.73,6.7,6.67,6.64,6.46,6.11,5.9,5.79,5.69,5.67,5.45,5.21,5.04,4.82,4.81,4.81,4.56,4.53,4.57,2.8,296,1.7,333,1.3,109,1.9,56,5.2,6,6.7,323,4.7,294,2.5,37,5.3,329,2.9,278
2026-06-03 07:00:00,1023.4,12.4,82,246,5.1,163,0.202,2,12.03,12,12.01,11.98,11.9,11.1,10.43,9.85,9.14,8.66,7.86,7.74,7.68,7.66,7.57,7.5,7.36,7.15,7.03,6.82,6.76,6.7,6.67,6.65,6.58,6.21,6.03,5.85,5.77,5.7,5.61,5.34,5.22,4.92,4.83,4.81,4.59,4.53,4.57,11.1,65,6,48,6.4,244,1.7,265,3.9,352,4.5,345,2.9,9,2.6,241,1.2,109,4.1,315
2026-06-03 07:20:00,1023.7,12.3,84,298,4.8,159,0.209,2,11.99,11.96,11.94,11.87,11.85,11.41,10.1,9.7,9.31,8.83,7.82,7.71,7.64,7.6,7.48,7.38,7.19,7.07,6.94,6.72,6.7,6.67,6.58,6.31,6.17,6.02,5.85,5.78,5.68,5.64,5.51,5.25,5.01,4.88,4.86,4.8,4.64,4.54,4.56,3.2,55,2.6,61,3.5,289,5.4,267,3.4,354,5,313,0.7,9,3.3,264,2.7,302,5.9,299
2026-06-03 07:40:00,1023.5,12.3,87,345,4.1,151,0.203,2.2,11.98,11.95,11.93,11.86,11.58,11.22,9.73,9.49,9.15,8.15,7.74,7.66,7.57,7.43,7.34,7.25,7.16,6.9,6.8,6.7,6.7,6.66,6.46,6.26,6.1,5.9,5.77,5.71,5.61,5.58,5.36,5.15,5.01,4.93,4.9,4.8,4.65,4.57,4.55,8.4,89,6.9,37,1.2,129,0.9,259,0.8,329,2.7,277,3.8,207,3.1,263,3.5,263,4.6,307
2026-06-03 08:00:00,1023.6,12.2,88,409,4.3,144,0.205,2.1,12.04,12.02,12.01,11.95,11.71,11.57,9.97,9.67,9.4,8.85,7.8,7.65,7.49,7.38,7.29,7.2,7.04,6.86,6.77,6.69,6.68,6.63,6.35,6.3,6.15,5.91,5.81,5.73,5.67,5.6,5.36,5.16,5.04,4.97,4.94,4.85,4.64,4.53,4.55,5.6,1,10.7,68,2.3,307,1.6,254,5.5,225,1.7,299,1.1,172,1.6,289,2.9,301,4.4,297
2026-06-03 08:20:00,1023.8,12.2,84,451,5.4,154,0.212,2.1,12.06,12.02,12.03,11.98,11.84,11.45,10.15,9.67,9.51,8.79,7.77,7.66,7.51,7.37,7.26,7.14,6.9,6.74,6.67,6.65,6.5,6.36,6.17,6.04,5.94,5.81,5.73,5.63,5.62,5.6,5.41,5.18,5.12,5.14,5.06,4.98,4.67,4.59,4.56,8.2,32,8.9,51,6.6,33,8.9,288,3.4,309,2.3,23,1.5,347,1.9,92,2.3,263,2,59
2026-06-03 08:40:00,1023.9,12.6,84,517,5.1,154,0.253,2.3,12.04,12.01,12.02,11.94,11.76,11.55,10.64,9.74,9.52,9.21,7.91,7.61,7.36,7.23,7.01,6.87,6.77,6.69,6.67,6.63,6.44,6.32,6.13,5.98,5.91,5.8,5.67,5.67,5.6,5.52,5.44,5.22,5.2,5.14,5.06,5.02,4.64,4.56,4.56,6.9,28,6.2,56,4,58,1.9,325,1.8,71,4.4,67,2.2,13,1.7,195,3.4,221,1.9,240
2026-06-03 09:00:00,1023.8,12.8,80,570,4.6,156,0.264,2.2,12.12,12.04,12.08,11.96,11.77,11.33,9.98,9.88,9.54,9.24,7.95,7.65,7.45,7.28,7.12,6.9,6.77,6.7,6.65,6.49,6.41,6.27,6.03,5.97,5.92,5.85,5.71,5.7,5.66,5.54,5.46,5.29,5.26,5.15,5.09,5.07,4.8,4.6,4.61,10.6,48,10.2,52,3.7,52,3.7,11,4.3,41,3,93,0.7,210,3.1,322,1.6,235,4.3,219
2026-06-03 09:20:00,1023.6,13.1,78,617,4.4,149,0.301,2.4,12.21,12.18,12.07,12.01,11.95,11.58,10.58,9.91,9.55,9.5,8.92,7.75,7.62,7.45,7.25,7.08,6.84,6.7,6.65,6.6,6.57,6.37,6.15,6.06,5.99,5.89,5.8,5.74,5.62,5.6,5.45,5.32,5.36,5.18,4.98,4.85,4.62,4.55,4.55,11.3,29,9.9,20,7.6,335,5.5,306,4.9,300,4.4,5,1.8,4,0.7,169,3.6,161,8,131
2026-06-03 09:40:00,1023.9,13.3,79,662,4.9,149,0.29,2.4,12.3,12.27,12.22,12.07,11.88,11.32,10.2,9.71,9.52,9.35,9,7.73,7.6,7.43,7.24,7.02,6.8,6.7,6.67,6.65,6.59,6.3,6.14,6.04,6,5.85,5.75,5.67,5.56,5.55,5.52,5.39,5.38,5.21,4.85,4.67,4.58,4.51,4.55,5.4,73,5.9,17,6.5,12,5.2,304,5.4,333,4.9,269,2,224,3.8,151,2.3,166,1.6,224
2026-06-03 10:00:00,1023.9,13.9,75,699,5,160,0.292,2.4,12.39,12.37,12.37,12.3,12.04,11.57,10.4,9.83,9.63,9.43,9.22,8.08,7.62,7.43,7.21,6.96,6.75,6.7,6.69,6.61,6.33,6.11,6.06,5.91,5.81,5.75,5.68,5.68,5.62,5.6,5.54,5.35,5.33,4.9,4.68,4.68,4.53,4.51,4.55,8.7,41,3.9,86,10.6,325,6.9,338,3.2,5,2.2,71,4.9,83,1.8,93,2.2,156,2.3,114
2026-06-03 10:20:00,1023.9,14,76,745,4.4,151,0.277,2.4,12.49,12.44,12.38,12.32,12.02,11.24,10.03,9.69,9.47,9.23,8.39,7.74,7.56,7.34,7.18,6.83,6.75,6.7,6.65,6.45,6.26,6.08,6.04,5.95,5.9,5.81,5.72,5.7,5.62,5.6,5.44,5.3,5.24,5.02,4.72,4.65,4.54,4.51,4.55,10,58,7.5,40,10.7,353,7.5,346,5.5,336,5.7,44,2.8,5,2.8,356,1.8,63,2.4,74
2026-06-03 10:40:00,1023.6,14.7,71,790,3.7,140,0.263,2.4,12.66,12.63,12.54,12.21,12.11,11.45,10.56,9.76,9.53,9.33,8.77,7.8,7.54,7.28,7.05,6.81,6.76,6.7,6.63,6.38,6.2,6.04,5.98,5.98,5.93,5.81,5.67,5.65,5.59,5.57,5.44,5.25,5.14,4.82,4.65,4.64,4.55,4.51,4.55,6.2,4,3.4,322,6.1,352,8.5,4,8.4,350,2.7,38,0.6,214,1.8,204,1.7,166,5,155
2026-06-03 11:00:00,1023.6,14.3,76,820,3.8,151,0.247,2.5,12.79,12.75,12.6,12.39,12.09,11.65,10.95,9.86,9.57,9.26,8.82,7.85,7.54,7.29,7.07,6.81,6.76,6.68,6.58,6.27,6.17,6.09,6,5.94,5.91,5.81,5.68,5.65,5.59,5.52,5.42,5.12,4.97,4.74,4.66,4.63,4.57,4.52,4.55,6.2,46,2.9,350,5.7,304,8.2,314,7,350,3.7,322,2.3,84,2.2,227,2.6,143,5.2,142
2026-06-03 11:20:00,1023.6,14.5,78,855,2.4,147,0.211,2.2,13.04,13.01,12.76,12.44,12.09,11.44,10.23,9.99,9.57,9.36,8.9,8.11,7.59,7.35,7.22,6.93,6.8,6.74,6.66,6.57,6.29,6.19,6.05,5.99,5.86,5.74,5.67,5.59,5.47,5.45,5.27,4.99,4.98,4.82,4.7,4.71,4.62,4.52,4.55,8.4,49,8.1,48,5,10,10.3,345,8.5,344,6.7,347,2.2,46,4.1,176,3.3,130,3.2,101
2026-06-03 11:40:00,1023.4,14.4,81,880,2.2,141,0.19,2.3,13.17,13.02,12.81,12.46,12.04,11.48,10.44,10.23,10.07,9.73,9.52,8.66,7.79,7.57,7.32,7.2,6.9,6.78,6.68,6.59,6.37,6.19,6.07,6,5.89,5.7,5.52,5.5,5.49,5.39,5.08,5.02,5.06,4.78,4.75,4.73,4.6,4.52,4.55,5.4,70,5.4,226,7.7,313,11.7,315,7.9,327,4.3,307,1,273,1.9,116,4,176,6,155
2026-06-03 12:00:00,1023.2,14.8,82,892,1.7,137,0.149,2.2,13.38,13.14,12.86,12.52,12.07,11.41,10.54,10.36,10.1,9.66,9.39,8.79,7.98,7.5,7.3,7.21,6.98,6.8,6.72,6.61,6.43,6.2,6.03,5.8,5.72,5.57,5.53,5.55,5.45,5.35,5.13,5,4.96,4.78,4.77,4.74,4.58,4.53,4.55,0.8,199,3.6,254,11.3,322,8.6,319,8.4,334,3,11,5.4,8,1.2,291,3.7,206,5.2,175
2026-06-03 12:20:00,1023.1,15.1,82,907,0.4,148,0.13,2.2,13.7,13.28,12.81,12.43,11.9,11.24,10.6,10.35,9.8,9.48,9.4,8.93,8.35,7.73,7.37,7.2,6.96,6.79,6.68,6.52,6.24,6.06,5.83,5.62,5.63,5.44,5.42,5.34,5.22,5.17,5.07,4.97,4.94,4.78,4.78,4.76,4.69,4.56,4.57,6.4,10,3.8,6,8.5,329,12.6,345,13.2,360,6.9,356,1.6,35,3.1,107,4.2,133,3.2,111
2026-06-03 12:40:00,1022.8,15.8,77,913,1.2,145,0.122,2.3,13.71,13.4,12.91,12.39,11.92,11.22,10.67,10.33,9.77,9.54,9.3,9.01,8.71,7.55,7.27,7.09,6.95,6.77,6.65,6.45,6.18,6.02,5.7,5.64,5.63,5.39,5.36,5.21,5.19,5.19,5.06,4.9,4.92,4.8,4.78,4.77,4.71,4.55,4.56,4.5,111,7.5,352,11.1,333,14.1,319,3,352,4,335,2.2,69,1.8,120,4.2,151,5,170
2026-06-03 13:00:00,1022.6,15.8,79,914,1,147,0.099,1.7,13.54,13.22,12.85,12.41,11.89,11.44,10.84,10.45,10.04,9.63,9.51,9.08,8.9,7.81,7.38,7.18,7.02,6.84,6.69,6.56,6.33,6.17,5.83,5.65,5.64,5.41,5.33,5.33,5.21,5.2,5,4.9,4.89,4.81,4.79,4.78,4.66,4.55,4.57,5.8,112,6.4,337,10.3,326,9.6,327,6.9,356,8.7,25,2.8,72,5.1,119,4.2,181,4.5,224
2026-06-03 13:20:00,1022.4,16.2,80,906,1.3,149,0.084,1.7,13.53,13.15,12.81,12.43,12.04,11.69,10.98,10.4,9.94,9.66,9.45,9.19,9.06,8.13,7.52,7.31,7.13,6.91,6.72,6.56,6.41,6.21,5.94,5.68,5.68,5.52,5.35,5.33,5.27,5.24,5.02,4.92,4.9,4.83,4.79,4.78,4.66,4.62,4.69,7.1,3,10.3,336,8.5,344,11.8,346,13.1,2,8.8,10,5.7,61,2.2,165,4.1,206,2.7,159
2026-06-03 13:40:00,1022,16.6,81,896,1.5,170,0.071,2.1,13.2,13.03,12.63,12.27,11.97,11.52,10.97,10.27,9.86,9.61,9.42,9.28,9.05,8.15,7.58,7.45,7.29,7.09,6.94,6.73,6.6,6.44,6.3,6.2,5.94,5.65,5.5,5.38,5.34,5.32,5.08,4.93,4.93,4.83,4.8,4.8,4.71,4.65,4.58,4.5,334,12.2,343,9.5,336,10.8,5,11,17,9.9,22,5.6,36,4.7,20,1.3,217,3.3,132
2026-06-03 14:00:00,1021.8,17.6,76,879,0.6,183,0.061,1.5,13.01,12.8,12.49,12.12,11.76,11.15,10.77,10.21,9.76,9.48,9.36,9.19,8.99,8.11,7.58,7.43,7.3,7.1,6.96,6.71,6.63,6.47,6.33,6.25,6.09,5.81,5.65,5.43,5.36,5.34,5.19,4.94,4.94,4.85,4.82,4.78,4.68,4.59,4.55,9,352,7.6,347,10.5,3,13.7,6,9.6,4,5.4,14,3.4,320,4.5,345,2,164,2.9,159
2026-06-03 14:20:00,1021.6,18.3,74,857,0.8,200,0.052,1.6,13.06,12.67,12.54,12.12,11.87,11.21,10.7,10.28,9.84,9.45,9.37,9.2,8.85,8.18,7.59,7.38,7.22,7.05,6.93,6.67,6.61,6.43,6.29,6.22,6.05,5.76,5.64,5.49,5.36,5.31,5.19,4.98,4.99,4.87,4.8,4.77,4.68,4.54,4.56,7.1,18,9.7,348,10.3,324,11.7,352,8.7,348,5.1,3,2.9,300,1.6,82,5.3,172,4,228
2026-06-03 14:40:00,1021.4,18.9,77,829,1.2,233,0.052,1.6,13.05,12.64,12.51,12.14,11.77,11.36,10.84,10.36,9.85,9.48,9.33,9,8.52,7.87,7.41,7.24,7.13,7.08,6.98,6.81,6.71,6.56,6.33,6.23,6.14,6.01,5.73,5.66,5.43,5.38,5.26,5.05,4.98,4.85,4.78,4.76,4.65,4.55,4.57,7.8,336,9.5,351,13.1,350,12.6,356,10.5,12,6.5,28,2.4,106,1.7,187,3.6,166,2.9,198
2026-06-03 15:00:00,1021.1,20,60,793,0,0,0.079,3,13.16,12.65,12.48,12.18,11.71,11.26,10.91,10.49,9.77,9.41,9.22,8.61,8.17,7.4,7.27,7.15,7.11,7.01,6.94,6.73,6.6,6.4,6.27,6.15,6.09,5.8,5.64,5.45,5.38,5.27,5.19,5.01,4.95,4.81,4.74,4.7,4.58,4.56,4.6,9.8,308,8.2,329,9.9,356,14,17,7.1,26,4.4,47,3.3,355,5,290,1.8,232,3.6,255
2026-06-03 15:20:00,1020.7,20,69,761,0,0,0.059,3.6,12.93,12.57,12.45,12.18,11.78,11.3,11.04,10.73,10.38,9.62,9.4,8.99,8.47,7.53,7.31,7.18,7.12,6.99,6.89,6.66,6.58,6.43,6.31,6.18,6.11,5.94,5.66,5.5,5.35,5.26,5.17,5.03,4.95,4.74,4.68,4.65,4.62,4.6,4.61,7,326,9.8,324,9.7,347,10.4,4,10.2,6,4.3,18,5.1,46,1.1,87,4.3,195,4.3,211
2026-06-03 15:40:00,1020.5,20.9,65,721,0.7,254,0.043,1.7,12.76,12.61,12.34,11.92,11.7,11.26,10.94,10.6,10.1,9.44,9.41,8.82,8.19,7.43,7.29,7.21,7.11,7.02,6.93,6.7,6.59,6.42,6.29,6.14,6.05,5.94,5.64,5.5,5.3,5.22,5.14,4.98,4.91,4.71,4.66,4.69,4.64,4.6,4.61,9,326,9.4,327,14.7,356,10.8,2,7.6,20,3.6,66,4,39,1.6,58,2.6,193,4.6,204
2026-06-03 16:00:00,1020.5,21.1,66,674,1.4,222,0.043,2,12.69,12.62,12.27,11.95,11.6,11.22,10.87,10.44,9.55,9.32,9.04,8.56,7.78,7.41,7.26,7.17,7.07,6.95,6.86,6.62,6.56,6.38,6.21,6.05,5.88,5.63,5.48,5.38,5.3,5.25,5.14,4.95,4.92,4.7,4.68,4.7,4.62,4.57,4.6,5.5,353,8.3,339,14.1,7,12.6,18,9.6,22,3.9,346,0.7,221,4.1,245,7,202,6.3,210
2026-06-03 16:20:00,1020.6,19.8,70,628,2.4,211,0.037,1.8,12.73,12.51,12.2,11.89,11.61,11.31,10.99,10.55,9.59,9.2,8.93,8.26,7.96,7.47,7.3,7.22,7.05,6.95,6.8,6.56,6.4,6.3,6.03,5.96,5.88,5.55,5.45,5.35,5.26,5.23,5.1,4.94,4.93,4.73,4.7,4.71,4.63,4.63,4.64,8.3,338,11.8,333,7.9,359,6.3,28,4.7,46,3.6,26,4.3,303,5,260,4.6,244,3.1,222
2026-06-03 16:40:00,1020.1,20.4,62,576,2.1,150,0.048,1.6,12.81,12.62,12.24,11.94,11.74,11.42,11.04,10.4,9.68,9.11,8.37,7.94,7.48,7.37,7.25,7.04,7,6.88,6.57,6.45,6.4,6.28,6.01,5.9,5.86,5.74,5.59,5.53,5.34,5.27,5.14,4.93,4.84,4.72,4.69,4.7,4.63,4.58,4.61,11,334,12.2,346,10.9,11,7.4,24,5.4,20,1.4,213,4.8,234,10.3,229,5.5,236,7.9,221
2026-06-03 17:00:00,1019.9,20.3,66,528,1.3,165,0.046,2.5,12.87,12.68,12.23,12.01,11.73,11.44,11.03,10.29,9.57,9.14,8.48,8.04,7.64,7.41,7.24,7.07,6.99,6.91,6.63,6.53,6.44,6.4,6.27,6.04,5.89,5.8,5.68,5.62,5.53,5.46,5.22,5.02,4.99,4.76,4.72,4.71,4.65,4.59,4.61,11.1,334,14.2,333,12.8,1,10.7,9,5.6,66,2.1,81,3.7,308,4.3,229,3.7,182,6.1,208
2026-06-03 17:20:00,1019.8,20.2,70,436,1,161,0.029,2.6,12.96,12.74,12.25,11.99,11.66,11.34,10.37,10.16,9.24,8.74,8.25,8.06,7.61,7.39,7.27,7.22,7.13,6.97,6.93,6.87,6.6,6.49,6.42,6.33,6.17,5.87,5.72,5.68,5.63,5.57,5.44,5.09,5.06,4.83,4.71,4.73,4.68,4.61,4.66,13.1,339,12,355,9.3,4,6.9,57,3.7,87,2.4,167,2.7,298,3.9,316,1.8,191,2.1,63
2026-06-03 17:40:00,1019.8,20.9,60,405,1.7,171,0.04,2.4,13.12,12.88,12.34,12.04,11.7,11.22,10.65,9.96,9.17,8.65,8.01,7.83,7.66,7.6,7.34,7.24,7.11,7.01,6.96,6.93,6.6,6.5,6.36,6.23,6.06,5.95,5.79,5.68,5.63,5.61,5.47,5.16,5.14,5.01,4.83,4.77,4.65,4.61,4.63,12.7,324,12.6,354,6.1,18,4.9,47,4.6,79,2.4,165,4,262,4.2,246,2.1,158,2.7,176
2026-06-03 18:00:00,1019.6,21.7,64,360,0.8,315,0.036,2.1,13.14,12.52,12.27,11.9,11.62,11.25,10.72,10.14,9.26,8.39,7.79,7.68,7.56,7.43,7.32,7.12,7.04,6.96,6.94,6.88,6.59,6.52,6.46,6.45,6.15,5.94,5.88,5.8,5.66,5.6,5.43,5.21,5.16,5.03,4.84,4.78,4.68,4.63,4.63,10.9,343,8.5,11,7.8,23,4.7,50,6.5,56,3.5,64,4.3,160,2.6,118,2,2,3.1,237
2026-06-03 18:20:00,1019.6,21.4,61,305,1,262,0.038,2.4,13.16,12.56,12.18,11.86,11.52,11.18,10.63,10,9.16,8.54,7.76,7.64,7.5,7.43,7.25,7.14,7.03,6.97,6.93,6.61,6.53,6.49,6.38,6.25,6.07,5.91,5.84,5.8,5.6,5.6,5.43,5.24,5.18,5.09,4.92,4.8,4.68,4.64,4.63,8.3,337,8.8,16,9,5,3.9,26,4.8,10,1.8,270,3.2,238,4.9,185,5.4,212,5.3,256
2026-06-03 18:40:00,1019.5,21.3,61,251,0.9,276,0.042,3,13.11,12.53,12.17,11.7,11.43,11.01,10.43,9.76,9.12,8.73,8.1,7.64,7.47,7.35,7.22,7.17,7.02,6.98,6.86,6.68,6.55,6.52,6.39,6.3,6.08,5.94,5.84,5.79,5.65,5.6,5.41,5.18,5.19,5.12,5.02,4.77,4.67,4.64,4.64,9,349,7.4,8,7.7,34,5.7,65,3.7,65,0.2,307,2.7,31,3.4,350,2.9,310,2.6,290
2026-06-03 19:00:00,1019.5,20.9,66,156,1,240,0.081,2.4,13.19,12.52,12.21,11.83,11.54,11.04,10.35,9.54,9.08,8.76,8.6,7.75,7.47,7.26,7.18,7.02,7.01,6.97,6.74,6.54,6.54,6.46,6.3,5.99,5.94,5.87,5.8,5.78,5.67,5.61,5.44,5.23,5.18,5.13,5,4.79,4.69,4.65,4.66,10.5,343,7.2,19,3.7,62,2.8,55,1.5,162,2.5,274,3.6,313,3.1,325,1.9,166,5.7,69
2026-06-03 19:20:00,1019.5,20.7,60,156,1.9,215,0.051,1.6,13.33,12.65,12.26,11.87,11.6,11.03,10.36,10.02,9.07,8.95,8.8,8.21,7.56,7.3,7.23,7.03,7.02,6.96,6.8,6.54,6.53,6.5,6.36,6.12,5.93,5.86,5.79,5.79,5.71,5.68,5.54,5.33,5.19,5.13,5.03,4.89,4.77,4.71,4.69,9.2,357,5.9,12,5.9,45,3.3,60,2.4,253,5.5,340,4.1,38,1.2,51,1.7,60,2.1,189
2026-06-03 19:40:00,1019.5,21.1,58,115,1.9,197,0.053,1.5,13.72,12.85,12.37,12.06,11.71,11.23,10.49,10.05,9.07,9.01,8.91,8.18,7.55,7.29,7.12,7.02,7.02,6.96,6.76,6.57,6.54,6.51,6.41,6.32,5.93,5.82,5.76,5.77,5.77,5.76,5.62,5.44,5.3,5.15,5.07,4.95,4.77,4.66,4.59,8.8,350,9,27,3.8,52,3.5,19,2.9,26,2.2,147,1.7,333,0.3,271,1.8,122,2.6,86
2026-06-03 20:00:00,1019.8,19.9,67,35,2,208,0.039,1.7,13.36,12.72,12.4,12.16,11.77,11.48,10.81,10.04,9.09,9,8.96,8.35,7.58,7.29,7.04,7.03,7.03,7,6.95,6.68,6.59,6.54,6.49,6.47,6.27,5.84,5.76,5.77,5.75,5.71,5.6,5.47,5.3,5.17,5.09,5.05,4.83,4.68,4.59,8.9,344,14.1,355,6.4,3,2.8,354,1.1,10,0.7,33,0.6,113,1.7,109,4.3,88,2.9,182
2026-06-03 20:20:00,1019.8,19.4,69,10,1.2,231,0.034,2.9,13.67,12.97,12.51,12.32,11.87,11.72,11.08,10.35,9.44,9.03,8.99,8.52,7.79,7.34,7.25,7.04,7.04,7.01,6.99,6.83,6.61,6.59,6.52,6.51,6.5,6.4,5.99,5.8,5.73,5.73,5.65,5.48,5.41,5.21,5.12,5.09,4.87,4.64,4.59,14.2,5,11.1,359,4.2,38,3.8,59,2,62,3.4,58,2.9,36,2,73,3.1,144,3.5,100
2026-06-03 20:40:00,1019.9,19.4,72,1,1.4,257,0.068,3.2,13.26,12.78,12.47,12.33,11.91,11.46,11.06,10.37,9.47,9.04,9,8.62,7.91,7.37,7.25,7.06,7.06,7,6.96,6.8,6.73,6.59,6.49,6.5,6.5,6.43,6.24,5.83,5.81,5.78,5.58,5.39,5.33,5.2,5.13,5.07,4.85,4.67,4.58,10.5,334,7.8,0,4,354,1.9,352,5,108,1.9,161,4.7,157,4.3,97,3.6,149,1,254
2026-06-03 21:00:00,1020,20,67,0,1.8,261,0.037,2.8,13.24,12.78,12.49,12.35,11.94,11.54,11.14,10.44,9.49,9.05,8.98,8.46,7.63,7.36,7.07,7.07,7.02,6.92,6.77,6.58,6.58,6.57,6.45,6.47,6.46,6.12,5.88,5.87,5.85,5.72,5.49,5.34,5.33,5.22,5.17,5.07,4.95,4.71,4.58,9,352,12.6,12,7.1,46,4.8,8,2.3,350,2,232,0.6,261,5,156,3.8,122,4.9,202
2026-06-03 21:20:00,1020.1,18.6,76,0,1.5,241,0.034,2.1,13.09,12.7,12.5,12.32,12,11.57,11.17,10.6,9.7,9.11,9.04,8.6,7.81,7.42,7.12,7.03,6.89,6.73,6.6,6.58,6.55,6.46,6.39,6.43,6.42,6.06,5.95,5.94,5.88,5.71,5.45,5.26,5.28,5.18,5.09,5.04,4.77,4.56,4.58,15.3,8,9.1,19,4.7,12,3.2,95,2.1,200,5,196,2.2,224,1.1,236,5.4,136,5.3,152
2026-06-03 21:40:00,1020.3,17.7,81,0,2.1,239,0.035,1.7,13,12.59,12.32,12.07,11.99,11.51,11.23,10.75,10.27,9.46,9.2,9.05,8.65,7.84,7.4,7.09,6.99,6.8,6.68,6.58,6.49,6.46,6.36,6.31,6.32,6.24,5.99,5.89,5.74,5.65,5.38,5.25,5.27,5.18,5.09,5.03,4.63,4.56,4.59,11.1,343,10.7,347,6,17,3.3,354,1.9,131,3.3,232,5.1,256,1.9,311,2.2,232,4.2,230
2026-06-03 22:00:00,1020.4,18.1,74,0,2.5,249,0.028,1.9,14.42,13.25,12.5,12.13,12.08,11.65,11.19,10.68,10.19,9.29,9.13,8.72,7.92,7.5,7.08,6.99,6.87,6.68,6.62,6.55,6.48,6.38,6.32,6.31,6.25,6.19,6.02,5.93,5.71,5.65,5.4,5.29,5.3,5.18,5.09,4.94,4.66,4.56,4.6,8.4,11,11.6,25,5.5,356,1.6,87,4.4,211,2.1,263,0.8,170,2.3,202,3.9,149,5.6,172
